date,game,map,match_type,my_duration,my_rank,rp_earned,premade_squad,voice_chat,squad_placed,teamate_count,my_quit,teamate_quit_count,my_legend,teamate_1_legend,teamate_2_legend,my_damage,teamate_1_damage,teamate_2_damage,my_kills,teamate_1_kills,teamate_2_kills,my_assists,teamate_1_assists,teamate_2_assists,my_knocks,teamate_1_knocks,teamate_2_knocks,my_revives,teamate_1_revives,teamate_2_revives,my_respawns,teamate_1_respawns,teamate_2_respawns,,
11/03/2022,1,broken moon,casual,846,S3,0,no,yes,5,1,0,1,Valkyrie,Wattson,quit,1268,NA,NA,5,4,0,0,0,0,5,4,0,1,0,0,1,1,0,,
11/03/2022,2,broken moon,casual,NA,S3,0,no,yes,12,2,0,0,Valkyrie,Lifeline,Pathfinder,178,102,173,0,0,0,0,0,0,0,0,0,0,0,0,0,0,0,,
11/03/2022,3,broken moon,casual,NA,S3,0,no,no,3,2,0,0,Valkyrie,Wraith,Lifeline,141,493,256,0,2,2,1,1,0,0,2,2,0,0,0,0,0,0,,
11/03/2022,4,broken moon,casual,NA,S3,0,no,no,4,2,0,0,Valkyrie,Mirage,Wattson,497,254,449,0,2,1,1,0,0,0,3,1,0,0,0,0,0,0,,
11/03/2022,5,broken moon,casual,NA,S3,0,no,no,8,2,0,0,Valkyrie,Lifeline,Wraith,792,115,758,1,2,2,4,1,2,2,2,3,0,1,0,0,0,1,,
11/03/2022,6,broken moon,casual,NA,S3,0,no,no,11,2,0,0,Valkyrie,Rampart,Octane,381,0,390,1,0,1,0,0,0,1,0,1,0,1,0,0,0,0,,
11/03/2022,7,broken moon,casual,NA,S3,0,no,no,9,2,0,0,Valkyrie,Mad Maggie,Horizon,254,372,1104,1,0,5,1,3,0,1,1,5,0,0,0,0,0,0,,
11/03/2022,8,broken moon,casual,NA,S3,0,no,no,18,2,0,0,Horizon,Rampart,Wraith,145,0,60,1,0,0,0,0,0,1,0,0,1,0,0,0,0,0,,
11/03/2022,9,broken moon,ranked,NA,S3,261,no,no,1,2,0,0,Vantage,Pathfinder,Catalyst,1457,918,482,4,2,2,1,4,1,5,2,2,1,1,1,1,0,0,,
11/03/2022,10,broken moon,ranked,NA,S3,30,no,no,4,2,0,0,Crypto,Pathfinder,Rampart,499,148,341,0,0,0,0,0,0,0,0,0,0,0,0,0,0,0,,
11/03/2022,11,broken moon,ranked,NA,S3,111,no,no,4,2,0,0,Vantage,Rampart,Octane,1041,1212,1359,1,2,3,2,0,2,1,2,5,0,0,0,0,0,0,,
11/03/2022,12,broken moon,ranked,NA,S3,-5,no,no,NA,2,0,0,Vantage,NA,NA,NA,NA,NA,0,0,0,0,0,0,0,0,0,0,0,0,0,0,0,,
11/03/2022,13,broken moon,ranked,NA,S3,-25,no,no,15,2,0,0,Vantage,Seer,Horizon,69,52,123,0,0,0,0,0,0,0,0,1,0,0,0,0,0,0,,
11/03/2022,14,broken moon,ranked,NA,S3,-24,no,no,18,2,0,0,Ashe,Valkyrie,Catalyst,250,0,0,1,0,0,0,0,0,0,0,0,0,0,0,0,0,0,,
11/03/2022,15,broken moon,ranked,699,S3,174,no,no,4,2,0,0,Ashe,Vantage,Bloodhound,1340,1098,1078,5,4,1,1,3,4,5,5,1,0,1,0,0,0,0,,
11/03/2022,16,broken moon,ranked,320,S3,-20,no,no,12,2,0,0,Ashe,Caustic,Bloodhound,209,NA,NA,0,0,0,0,0,0,0,0,0,0,,0,0,0,0,,
11/03/2022,17,broken moon,ranked,NA,S3,-8,no,no,11,NA,NA,NA,NA,NA,NA,NA,NA,NA,NA,NA,NA,NA,NA,NA,NA,NA,NA,NA,NA,NA,NA,NA,NA,,
11/03/2022,18,broken moon,ranked,NA,S3,5,no,no,6,NA,NA,NA,NA,NA,NA,NA,NA,NA,NA,NA,NA,NA,NA,NA,NA,NA,NA,NA,NA,NA,NA,NA,NA,,
11/03/2022,19,broken moon,ranked,NA,S3,-25,no,no,20,2,0,0,Ashe,Catalyst,Octane,0,0,16,0,0,0,0,0,0,0,0,0,0,0,0,0,0,0,,
11/03/2022,20,broken moon,ranked,NA,S3,-5,no,no,NA,NA,NA,NA,NA,NA,NA,NA,NA,NA,NA,NA,NA,NA,NA,NA,NA,NA,NA,NA,NA,NA,NA,NA,NA,,
11/03/2022,21,broken moon,ranked,NA,S3,-21,no,yes,14,2,0,0,Pathfinder,Catalyst,Rampart,157,480,374,1,2,1,0,1,1,1,2,1,0,0,0,0,0,0,,
11/03/2022,22,broken moon,ranked,NA,S3,15,no,yes,9,2,0,0,Pathfinder,Octane,Bangalore,462,495,90,3,0,0,0,0,0,3,0,0,1,0,0,1,0,0,,
11/03/2022,23,broken moon,ranked,NA,S3,92,no,no,5,2,0,0,Pathfinder,Wraith,Loba,1057,185,42,3,1,1,1,0,0,4,1,1,0,0,0,0,0,0,,
11/03/2022,24,broken moon,ranked,NA,S3,-15,no,no,10,2,1,0,Mad Maggie,Pathfinder ,Catalyst ,169,NA,NA,0,NA,NA,NA,NA,NA,NA,NA,NA,1,NA,NA,1,NA,NA,,
11/03/2022,25,broken moon,ranked,NA,S3,312,no,no,1,2,0,0,Pathfinder,Bllodhound,Horizon,975,1210,2590,5,4,2,1,3,6,5,4,2,1,0,0,0,0,0,,
11/06/2022,26,broken moon,casual,907,S2,0,no,no,1,2,0,0,Catalyst,Vantage,Loba,1441,1020,657,7,2,3,2,5,3,7,2,3,0,0,0,0,0,0,,
11/06/2022,27,broken moon,ranked,1333,S2,152,no,no,3,2,0,0,Catalyst,Horizon,Seer,1098,733,718,2,2,3,2,2,2,3,2,5,1,1,1,0,0,0,,
11/06/2022,28,broken moon,ranked,718,S2,34,no,no,7,2,0,0,Catalyst,Wraith,Seer,NA,NA,NA,NA,NA,NA,NA,NA,NA,NA,NA,NA,NA,NA,NA,NA,NA,NA,,
11/06/2022,29,broken moon,ranked,193,S2,-28,no,no,16,2,0,0,Ashe,Catalyst,Lifeline ,NA,NA,NA,NA,NA,NA,NA,NA,NA,NA,NA,NA,NA,NA,NA,NA,NA,NA,,
11/06/2022,30,broken moon,ranked ,230,S2,0,no,no,15,0,0,0,Ashe,NA,NA,672,NA,NA,2,NA,NA,0,NA,NA,3,NA,NA,NA,NA,NA,NA,NA,NA,,
11/06/2022,31,broken moon,ranked,665,S2,37,no,no,6,2,0,,Catalyst,Seer,Wraith,301,712,160,0,2,1,2,1,0,0,2,1,0,2,1,0,0,0,,
11/06/2022,32,broken moon,ranked,149,S2,-28,no,no,17,2,0,0,Catalyst,Horizon,Octane,78,NA,NA,0,NA,NA,NA,NA,NA,NA,NA,NA,0,NA,NA,0,NA,NA,,
11/06/2022,33,broken moon,ranked,199,S2,-25,no,no,14,2,0,0,Catalyst,Vantage,Bangalore,304,245,230,1,1,1,1,1,0,1,1,1,0,0,0,0,0,0,,
11/06/2022,34,broken moon,ranked,141,S2,-27,no,no,15,2,0,0,Bangalore,Wraith,Catalyst,170,265,156,0,1,0,0,0,1,1,1,0,0,0,0,0,0,0,,
11/06/2022,35,broken moon,ranked,149,S2,-28,no,no,16,2,0,0,Catalyst,NA,NA,84,96,108,0,0,0,0,0,0,0,0,0,0,0,0,0,0,0,,
11/06/2022,36,broken moon,ranked,437,S2,-27,no,no,14,2,0,0,Catalyst,Vantage,Wraith,60,314,237,0,1,0,0,0,1,0,1,0,0,0,0,0,0,0,,
11/06/2022,37,broken moon,ranked,766,S2,17,no,no,5,2,0,0,Catalyst,Caustic,Gibraltar,357,192,501,0,0,0,0,0,0,1,0,1,1,0,0,0,0,0,,
11/06/2022,38,broken moon,ranked,917,S2,162,no,no,3,2,0,0,Pathfinder,Octane,Catalyst,761,486,497,2,1,4,3,1,1,2,1,4,0,0,0,0,0,1,,
11/07/2022,39,broken moon,casual ,205,S2,0,no,no,13,2,0,0,Seer,Catalyst,Fuse,311,212,316,1,2,0,1,0,1,1,2,1,1,1,0,0,0,0,,
11/07/2022,40,broken moon,casual,277,S2,0,no,no,12,1,0,0,Horizon,Pathfinder,NA,122,58,NA,0,0,NA,0,0,NA,0,0,NA,0,0,NA,0,0,NA,,
11/07/2022,41,broken moon,casual ,NA,S2,0,no,no,6,2,0,0,NA,NA,NA,NA,NA,NA,NA,NA,NA,NA,NA,NA,NA,NA,NA,NA,NA,NA,NA,NA,NA,,
11/07/2022,42,broken moon,casual ,58,S2,0,no,no,19,2,0,0,Horizon,Caustic,Fuse,60,0,0,0,0,0,0,0,0,0,0,0,0,0,0,0,0,0,,
11/07/2022,43,broken moon,casual ,235,S2,0,no,no,11,2,0,1,Catalyst,Pathfinder,Horizon,192,150,0,0,1,0,0,0,0,0,1,0,0,0,0,0,0,0,,
11/07/2022,44,broken moon,casual,NA,S2,0,yes,yes,7,NA,0,NA,NA,NA,NA,NA,NA,NA,NA,NA,NA,NA,NA,NA,NA,NA,NA,NA,NA,NA,NA,NA,NA,,
11/07/2022,45,broken moon,ranked,1043,S2,216,yes,yes,4,2,0,0,Horizon,Seer,Bloodhound,1365,1042,969,4,4,3,1,2,2,4,4,3,0,2,3,1,0,0,,
11/07/2022,46,broken moon,casual,228,S1,0,no,no,10,2,0,0,Horizon,Bangalore,Lifeline,358,669,409,3,1,2,0,1,2,3,3,2,0,0,0,0,0,0,,
11/07/2022,47,broken moon,ranked,85,S1,-31,no,yes,19,2,0,0,Horizon,Vantage,Seer,132,90,123,0,0,0,0,0,0,0,0,0,0,0,0,0,0,0,,
11/07/2022,48,broken moon,ranked,492,S1,30,no,yes,5,2,0,0,Pathfinder,Bloodhound,Horizon,112,49,329,0,0,1,1,1,0,2,0,1,0,0,0,0,0,0,,
11/07/2022,49,broken moon,ranked,232,S1,-30,no,yes,14,2,0,0,Pathfinder,Horizon,Ashe,208,145,190,1,0,0,0,0,1,1,0,2,1,0,0,0,0,0,,
11/07/2022,50,broken moon,ranked,NA,S1,-31,yes,yes,17,2,0,0,NA,NA,NA,NA,NA,NA,NA,NA,NA,NA,NA,NA,NA,NA,NA,NA,NA,NA,NA,NA,NA,,
11/07/2022,51,broken moon,ranked,701,S1,21,no,no,7,2,0,0,Horizon,Newcastle,Seer,396,485,347,1,2,1,1,0,1,1,2,2,0,0,1,0,0,0,,
11/07/2022,52,broken moon,ranked,1212,S1,236,yes,yes,2,2,0,0,Horizon,Catalyst,Seer,1357,614,1043,6,1,1,1,2,3,6,1,2,0,1,0,0,0,0,,
11/07/2022,53,broken moon,ranked,498,S1,-21,yes,yes,10,2,0,0,Horizon,Wattson,Seer,563,46,283,0,0,0,0,0,0,2,0,0,0,0,0,0,0,0,,
11/07/2022,54,broken moon,ranked,NA,S1,-31,yes,yes,19,2,0,0,NA,NA,NA,NA,NA,NA,NA,NA,NA,NA,NA,NA,NA,NA,NA,NA,NA,NA,NA,NA,NA,,
11/07/2022,55,broken moon,ranked,NA,S1,-21,yes,yes,9,2,0,0,NA,NA,NA,NA,NA,NA,NA,NA,NA,NA,NA,NA,NA,NA,NA,NA,NA,NA,NA,NA,NA,,
11/07/2022,56,broken moon,casual,598,S1,0,yes,yes,4,1,0,0,Horizon,Lifeline,Bloodhound,91,116,417,1,0,0,0,1,0,1,0,0,0,0,0,0,0,0,,
11/08/2022,57,worlds edge,casual,155,S1,0,no,no,12,2,0,1,Loba,Horizon,Revenant,227,271,0,1,0,0,0,0,0,1,1,0,0,0,0,0,0,0,,
11/08/2022,58,worlds edge,casual,985,S1,0,no,yes,3,2,0,1,Catalyst,Wraith,Pathfinder,1268,1100,36,3,4,0,2,0,0,3,5,0,0,1,0,0,0,0,,
11/08/2022,59,broken moon,casual,NA,S1,0,no,no,NA,NA,NA,NA,Catalyst,NA,NA,NA,NA,NA,NA,NA,NA,NA,NA,NA,NA,NA,NA,NA,NA,NA,NA,NA,NA,,
11/08/2022,60,broken moon,casual,146,S1,0,no,no,15,2,0,0,Maggie,Pathfinder,Catalyst,288,233,232,0,0,0,0,0,0,0,1,3,0,0,0,0,0,0,,
11/08/2022,61,broken moon,casual,NA,S1,0,no,no,4,2,0,0,NA,NA,NA,NA,NA,NA,NA,NA,NA,NA,NA,NA,NA,NA,NA,NA,NA,NA,NA,NA,NA,,
11/08/2022,62,broken moon,casual,NA,S1,0,no,no,NA,NA,NA,NA,NA,NA,NA,NA,NA,NA,NA,NA,NA,NA,NA,NA,NA,NA,NA,NA,NA,NA,NA,NA,NA,,
11/08/2022,63,broken moon,casual,NA,S1,0,no,no,NA,NA,NA,NA,NA,NA,NA,NA,NA,NA,NA,NA,NA,NA,NA,NA,NA,NA,NA,NA,NA,NA,NA,NA,NA,,
11/08/2022,64,broken moon,ranked,258,S1,-31,no,no,17,2,1,NA,Vantage,NA,NA,160,NA,NA,0,NA,NA,0,NA,NA,NA,NA,NA,0,NA,NA,0,NA,NA,,
11/09/2022,65,broken moon,casual ,584,S1,0,no,no,5,2,0,0,Newcastle,Wraith,Bloodhound,944,656,861,1,2,5,4,0,1,1,3,5,0,0,0,0,0,0,,
11/09/2022,66,broken moon,casual,98,S1,0,no,no,17,2,0,0,Catalyst,Horizon,Octane,101,0,63,0,0,0,0,0,0,0,0,0,0,0,0,0,0,0,,
11/09/2022,67,broken moon,casual,413,S1,0,no,no,10,2,0,2,Vantage,Loba,Fuse,247,122,0,0,0,0,0,0,0,0,0,0,0,0,0,0,0,0,,
11/09/2022,68,broken moon,casual,1019,S1,0,no,no,2,2,0,0,Catalyst,Pathfinder,Caustic,1907,763,1198,4,2,5,6,4,4,5,2,5,0,0,2,0,0,0,,
11/09/2022,69,broken moon,casual,319,S1,0,no,no,14,2,0,0,Catalyst,Seer,Valkyrie,505,228,426,1,0,0,0,1,0,1,0,0,0,0,0,0,0,0,,
11/09/2022,70,broken moon,casual,551,S1,0,no,no,7,2,0,0,Pathfinder,Fuse,Mirage,516,523,329,2,2,1,0,1,0,2,2,1,0,1,0,0,0,0,,
11/09/2022,71,broken moon,ranked,735,S1,-30,no,no,6,2,0,0,Vantage,Gibraltar,Horizon,949,617,533,3,0,0,0,0,0,3,1,1,0,0,0,2,0,0,,
11/09/2022,72,broken moon,ranked,NA,S1,25,no,no,NA,NA,,NA,NA,NA,NA,NA,NA,NA,NA,NA,NA,NA,NA,NA,NA,NA,NA,NA,NA,NA,NA,NA,NA,,
11/09/2022,73,broken moon,ranked,585,S1,41,no,no,8,2,0,0,Vantage,Wraith,Octane,390,409,1050,0,3,3,4,1,0,1,3,3,1,1,1,0,0,0,,
11/09/2022,74,broken moon,ranked,345,S1,0,no,no,11,1,0,1,Vantage,Mirage,NA,512,325,NA,0,2,NA,1,0,NA,0,2,NA,0,0,0,0,0,0,,
11/09/2022,75,broken moon,ranked,626,S1,49,no,no,8,2,0,0,Vantage,Valkyrie,Fuse,499,316,331,0,1,0,0,0,0,1,1,0,0,0,0,0,0,0,,
11/09/2022,76,broken moon,ranked,NA,S1,-11,no,no,NA,NA,1,NA,NA,NA,NA,NA,NA,NA,NA,NA,NA,NA,NA,NA,NA,NA,NA,NA,NA,NA,NA,NA,NA,,
11/09/2022,77,broken moon,ranked,NA,S1,-5,no,no,NA,NA,,NA,NA,NA,NA,NA,NA,NA,NA,NA,NA,NA,NA,NA,NA,NA,NA,NA,NA,NA,NA,NA,NA,,
11/09/2022,78,broken moon,ranked,1312,S1,306,no,yes,1,2,0,0,Catalyst,Vantage,Seer,592,1209,1365,2,3,4,3,3,2,2,3,4,0,0,1,0,0,0,,
11/09/2022,79,broken moon,ranked,870,G4,162,yes,yes,5,2,0,0,Catalyst,Vantage,Seer,507,417,978,0,2,3,1,1,0,0,2,4,0,1,1,0,0,0,,
11/09/2022,80,broken moon,ranked,119,G4,-34,yes,yes,19,2,0,0,Pathfinder,Vantage,Seer,11,26,338,0,0,0,0,0,0,0,0,2,0,0,0,0,0,0,,
11/09/2022,81,broken moon,ranked,NA,G4,-34,yes,yes,10,NA,NA,NA,NA,NA,NA,NA,NA,NA,NA,NA,NA,NA,NA,NA,NA,NA,NA,NA,NA,NA,NA,NA,NA,,
11/09/2022,82,broken moon,ranked,894,G4,51,no,no,5,2,0,0,Pathfinder,Catalyst,Bloodhound,782,958,385,1,3,0,0,1,1,1,3,0,0,1,0,0,0,0,,
11/09/2022,83,broken moon,ranked,589,G4,-14,no,no,7,2,0,0,Vantage,Octane,Bloodhound,109,213,428,0,0,3,0,1,0,0,0,3,0,0,0,0,1,0,,
11/09/2022,84,broken moon,ranked,151,G4,-32,no,no,14,2,0,0,Vantage,Crypto,Wraith,416,75,148,1,0,1,0,1,1,3,0,1,0,0,0,0,0,0,,
11/10/2022,85,broken moon,ranked,1078,G4,103,no,no,1,2,0,1,Vantage,Revenant,Catalyst,269,195,60,0,1,0,0,0,0,0,1,0,0,0,0,0,0,0,,
11/10/2022,86,broken moon,ranked,138,G4,-34,no,no,17,2,0,0,Vantage,Gibraltar,Bloodhound,184,195,50,0,0,0,0,0,0,0,0,1,0,0,0,0,0,0,,
11/10/2022,87,broken moon,ranked,255,G4,-34,no,no,15,2,0,0,Vantage,Fuse,Ashe,161,175,0,0,0,0,0,0,0,0,1,0,0,0,0,0,0,0,,
11/10/2022,88,broken moon,ranked,114,G4,-34,no,no,18,2,0,0,Vantage,Bangalore,Maggie,18,95,141,0,0,0,0,0,0,1,1,0,0,0,0,0,0,0,,
11/10/2022,89,broken moon,ranked,NA,G4,99,no,no,5,2,0,0,NA,NA,NA,NA,NA,NA,NA,NA,NA,NA,NA,NA,NA,NA,NA,NA,NA,NA,NA,NA,NA,,
11/11/2022,90,olympus,casual,712,G4,0,no,no,3,2,0,0,Revenant,Octane,Fuse,1234,1899,540,5,7,2,2,5,2,7,10,2,1,2,3,1,0,0,,
11/11/2022,91,worlds edge,casual,90,G4,0,no,no,14,2,0,0,Revenant,Vantage,Lifeline,57,248,323,0,2,1,0,0,1,0,2,1,0,0,1,0,0,0,,
11/11/2022,92,worlds edge,casual,737,G4,0,no,no,4,2,0,1,Crypto,Octane,Bloodhound,472,102,0,0,0,0,0,0,0,0,0,0,0,0,0,0,0,0,,
11/11/2022,93,broken moon,ranked,1197,G4,303,no,yes,1,2,0,0,Crypto,Revenant,Catalyst,1133,1282,1673,2,3,6,4,4,2,2,3,6,0,0,2,0,0,0,,
11/11/2022,94,broken moon,ranked,583,G4,22,no,no,8,2,0,0,Crypto,Pathfinder,Catalyst,334,52,145,0,1,2,3,0,0,1,1,2,0,0,0,0,0,0,,
11/11/2022,95,broken moon,ranked,191,G4,-33,no,yes,16,2,0,0,Crypto,Catalyst,Mirage,202,150,68,0,1,0,0,0,0,0,1,0,1,0,0,0,0,0,,
11/11/2022,96,broken moon,ranked,580,G4,36,no,yes,10,2,0,0,Crypto,Revenant,Catalyst,532,648,235,3,3,0,3,1,2,3,3,0,0,0,0,1,0,0,,
11/11/2022,97,broken moon,ranked,964,G4,156,no,yes,3,2,0,0,Crypto,Newcastle,Bloodhound,1123,1008,1847,1,2,4,4,2,3,3,2,5,1,2,0,1,0,0,,
11/11/2022,98,broken moon,ranked,187,G4,-33,no,no,15,2,0,0,Crypto,Pathfinder,Maggie,188,194,63,0,0,1,1,1,0,1,0,2,0,0,0,0,0,0,,
11/11/2022,99,broken moon,ranked,100,G4,-33,no,yes,14,2,0,0,Loba,Crypto,Caustic,343,446,208,1,0,0,0,0,0,1,1,0,0,0,0,0,0,0,,
11/11/2022,100,broken moon,ranked,66,G4,-34,no,no,19,2,0,0,Crypto,Revenant,Loba,146,120,0,0,0,0,0,0,0,0,0,0,0,0,0,0,0,0,,
11/11/2022,101,broken moon,ranked,866,G4,46,no,yes,7,2,0,0,Crypto,Catalyst,Wattson,1219,822,1181,4,0,1,1,3,4,5,1,3,3,1,0,0,0,0,,
11/11/2022,102,broken moon,ranked,1152,G4,NA,no,yes,2,2,1,0,Crypto,Fuse,Valkyrie,479,663,372,0,1,1,1,0,1,0,2,1,0,0,0,0,0,0,,
11/11/2022,103,broken moon,ranked,NA,G4,-24,no,no,NA,NA,NA,NA,NA,NA,NA,NA,NA,NA,NA,NA,NA,NA,NA,NA,NA,NA,NA,NA,NA,NA,NA,NA,NA,,
11/11/2022,104,broken moon,ranked,524,G4,-4,no,yes,10,2,0,0,Crypto,Catalyst,Vantage,361,318,342,0,0,2,2,2,0,0,0,2,0,0,0,0,0,0,,
11/11/2022,105,broken moon,ranked,459,G4,40,no,no,8,2,0,0,Crypto,Fuse,Catalyst,167,731,751,0,2,4,3,1,1,0,2,4,1,0,0,0,0,0,,
11/11/2022,106,broken moon,ranked,292,G3,-32,no,no,11,2,0,0,Ashe,Wraith,Lifeline,75,223,139,0,0,0,0,0,0,0,0,1,0,3,0,0,0,0,,
11/11/2022,107,broken moon,ranked,1190,G4,NA,no,no,3,2,0,2,Vantage,Newcastle,Loba,1076,199,226,4,0,2,0,2,0,4,0,2,2,2,0,0,0,0,,
11/11/2022,108,broken moon,ranked,NA,G4,-37,no,no,16,NA,NA,NA,NA,NA,NA,NA,NA,NA,NA,NA,NA,NA,NA,NA,NA,NA,NA,NA,NA,NA,NA,NA,NA,,
11/11/2022,109,broken moon,ranked,1086,G4,63,no,yes,6,2,0,0,Ashe,Vantage,Rampart,1213,652,671,1,3,3,2,0,0,1,3,4,0,0,0,0,0,0,,
11/11/2022,110,broken moon,ranked,334,G4,-35,no,yes,14,2,0,0,Ashe,Octane,Rampart,378,199,185,0,1,1,2,0,0,0,1,2,2,0,0,0,0,0,,
11/11/2022,111,broken moon,ranked,1125,G4,127,no,yes,2,2,0,0,Vantage,Caustic,Seer,878,290,168,1,1,1,2,0,2,1,2,2,1,1,1,1,0,0,,
11/12/2022,112,broken moon,ranked,461,G3,-12,no,no,9,2,0,0,Vantage,Crypto,Bangalore,0,295,809,0,1,2,0,0,1,0,1,2,0,0,0,0,0,0,,
11/12/2022,113,broken moon,ranked,209,G3,-27,no,no,11,2,0,0,Vantage,Seer,Catalyst,175,71,317,1,0,0,0,0,1,1,0,0,0,0,0,0,0,0,,
11/12/2022,114,broken moon,ranked,738,G3,91,no,no,6,2,0,0,Crypto,Bloodhound,Mirage,1368,796,508,4,2,2,2,0,2,5,3,3,0,1,0,0,1,0,,
11/13/2022,115,broken moon,casual,466,G3,0,no,no,10,2,0,2,Fuse,Octane,Ashe,697,0,211,1,0,0,0,0,0,3,0,1,0,0,0,0,0,0,,
11/13/2022,116,broken moon,casual,1179,G3,0,no,no,1,2,0,0,Fuse,Ashe,Vantage,1469,853,1173,5,2,4,1,7,3,5,3,4,0,0,2,0,0,0,,
11/13/2022,117,olympus,casual,532,G3,0,no,no,3,2,0,0,Ashe,Pathfinder,Horizon,588,1264,1410,3,6,6,1,2,4,3,6,6,1,0,0,0,0,0,,
11/13/2022,118,olympus,casual,536,G3,0,no,no,4,2,0,0,Ashe,NA,Wraith,257,534,598,1,1,1,0,2,1,1,2,2,0,0,0,0,0,0,,
11/13/2022,119,olympus,casual,91,G3,0,no,no,18,2,0,1,Ashe,Maggie,Bangalore,248,37,150,1,0,1,0,0,0,1,0,1,0,0,0,0,0,0,,
11/13/2022,120,broken moon,ranked,786,G3,28,no,no,6,2,0,0,Ashe,Pathfinder,Bloodhound,598,970,468,2,1,0,0,0,1,4,3,0,0,0,2,0,0,0,,
11/13/2022,121,broken moon,ranked,462,G3,-32,no,no,10,2,0,0,Ashe,Wraith,Octane,164,731,422,0,0,0,0,0,0,0,4,0,1,0,1,1,0,0,,
11/13/2022,122,broken moon,ranked,946,G3,NA,no,no,5,2,0,1,Ashe,Bloodhound,Octane,224,249,140,0,0,0,0,0,0,0,0,1,0,0,0,1,0,0,,
11/13/2022,123,broken moon,ranked,150,G3,-37,no,no,15,2,0,0,Vantage,Pathfinder,Crypto,50,636,219,0,0,0,0,0,0,0,2,0,0,0,0,0,0,0,,
11/13/2022,124,broken moon,ranked,939,G3,70,no,yes,3,2,0,0,Vantage,Catalyst,Mirage,231,448,683,1,2,0,0,1,3,1,2,1,0,0,0,0,0,0,,
11/14/2022,125,broken moon,ranked,478,G3,-37,no,no,17,2,0,0,Vantage,Mirage,Octane,305,24,210,0,0,0,0,0,0,0,0,0,0,0,1,0,1,0,,
11/14/2022,126,broken moon,ranked,259,G3,-32,no,no,12,2,0,0,Vantage,Seer,Caustic,494,167,453,1,1,1,1,0,1,2,2,1,1,0,1,0,0,0,,
11/14/2022,127,broken moon,ranked,99,G3,-37,no,no,14,2,0,0,Vantage,Crypto,Horizon,241,0,259,1,0,0,1,0,1,1,0,0,0,0,0,0,0,0,,
11/14/2022,128,broken moon,ranked,1037,G3,138,no,no,2,2,0,0,Vantage,Bloodhound,Lifeline,441,1388,167,1,3,1,1,1,0,1,4,1,1,0,0,2,0,0,,
11/14/2022,129,broken moon,ranked,NA,G3,40,no,yes,5,2,0,0,NA,NA,NA,NA,NA,NA,NA,NA,NA,NA,NA,NA,NA,NA,NA,NA,NA,NA,NA,NA,NA,,
11/14/2022,130,broken moon,ranked,1216,G3,236,yes,yes,1,2,0,0,Vantage,Lifeline,Mirage,775,737,655,2,4,2,2,1,5,2,4,2,0,1,1,0,0,0,,
11/14/2022,131,broken moon,ranked,79,G3,-37,yes,yes,20,2,0,0,Vantage,Lifeline,Mirage,14,0,137,,0,0,0,0,0,0,0,0,0,0,0,0,0,0,,
11/14/2022,132,broken moon,ranked,382,G3,-36,yes,yes,15,2,0,0,Vantage,Lifeline,NA,129,166,269,0,0,1,0,0,0,0,0,2,0,0,0,0,0,0,,
11/14/2022,133,broken moon,ranked,128,G3,-36,no,no,16,2,0,0,Cantage,Bloodhound,Lifeline,60,302,124,0,1,1,0,1,1,0,1,1,0,0,0,0,0,0,,
11/14/2022,134,broken moon,ranked,NA,G3,-36,no,no,16,2,0,0,NA,NA,NA,NA,NA,NA,NA,NA,NA,NA,NA,NA,NA,NA,NA,NA,NA,NA,NA,NA,NA,,
11/14/2022,135,broken moon,ranked,NA,G3,-37,no,no,18,2,0,0,NA,NA,NA,NA,NA,NA,NA,NA,NA,NA,NA,NA,NA,NA,NA,NA,NA,NA,NA,NA,NA,,
11/14/2022,136,broken moon,ranked,242,G3,-37,no,no,17,2,0,0,Fuse,Vantage,Mirage,0,33,144,0,0,0,0,0,0,0,0,0,0,0,0,0,0,0,,
11/14/2022,137,olympus,casual,363,G3,0,yes,yes,13,2,0,0,Bangalore,Seer,Caustic,370,193,32,0,0,0,0,0,0,0,0,0,0,0,0,0,0,0,,
11/14/2022,138,olympus,casual,NA,G3,0,yes,yes,10,2,0,0,NA,NA,NA,NA,NA,NA,NA,NA,NA,NA,NA,NA,NA,NA,NA,NA,NA,NA,NA,NA,NA,,
11/14/2022,139,olympus,casual,84,G3,0,yes,yes,15,2,0,0,Pathfinder,Fuse,Caustic,54,242,0,0,0,0,0,0,0,0,0,0,0,0,0,0,0,0,,
11/14/2022,140,olympus,casual,273,G3,0,yes,yes,11,2,0,0,Pathfinder,Vantage,Bloodhound,366,93,472,0,0,4,2,0,0,0,0,4,0,0,0,0,0,1,,
11/14/2022,141,olympus,casual,NA,G3,0,yes,yes,11,2,0,0,NA,NA,NA,NA,NA,NA,NA,NA,NA,NA,NA,NA,NA,NA,NA,NA,NA,NA,NA,NA,NA,,
11/14/2022,142,olympus,casual,258,G3,0,yes,yes,9,2,0,0,Pathfinder,Ashe,Vantage,639,386,32,3,1,1,1,1,0,3,1,1,0,0,0,0,0,0,,
11/14/2022,143,wolds edge,casual,389,G3,0,yes,yes,8,2,0,0,Maggie,Bangalore,Bloodhound,186,316,775,1,1,2,1,1,2,1,1,2,0,1,0,0,0,1,,
11/14/2022,144,wolds edge,casual,441,G3,0,yes,yes,6,2,0,0,Maggie,Seer,Bangalore,290,894,218,2,4,0,0,1,2,2,4,0,0,1,0,1,0,0,,
11/14/2022,145,wolds edge,casual,94,G3,0,yes,yes,18,2,0,0,Maggie,Bangalore,Crypto,90,25,341,0,0,0,0,0,0,0,0,1,1,0,0,0,0,0,,
11/14/2022,146,broken moon,ranked,87,G3,-37,no,no,17,2,0,0,Vantage,Bloodhound,Horizon,55,39,820,0,0,3,0,0,0,0,0,3,0,0,1,0,0,0,,
11/14/2022,147,broken moon,ranked,NA,G3,-37,no,no,15,2,0,0,NA,NA,NA,NA,NA,NA,NA,NA,NA,NA,NA,NA,NA,NA,NA,NA,NA,NA,NA,NA,NA,,
11/14/2022,148,broken moon,ranked,1170,G3,134,no,no,4,2,0,0,Vantage,Bloodhound,Pathfinder,1459,396,1418,4,0,4,1,3,3,4,0,6,1,1,0,1,0,0,,
11/14/2022,149,broken moon,ranked,101,G3,-37,no,yes,20,2,0,0,Vantage,Newcastle,NA,0,344,150,0,0,0,0,0,0,0,2,1,0,0,0,0,0,0,,
11/14/2022,150,broken moon,ranked,416,G3,-27,no,yes,11,2,0,0,Vantage,Crypto,NA,151,286,225,1,0,1,1,2,1,1,0,1,0,0,0,0,0,0,,
11/14/2022,151,broken moon,ranked,562,G3,25,yes,yes,10,2,0,0,Vantage,Seer,Ashe,596,704,343,4,2,0,1,1,3,4,2,0,2,0,0,0,1,0,,
11/14/2022,152,broken moon,ranked,453,G3,NA,yes,yes,11,2,0,0,Vantage,Ashe,Seer,141,252,271,0,0,0,0,0,0,0,0,0,0,0,0,0,0,0,,
11/15/2022,153,broken moon,ranked,1225,G3,275,no,no,1,2,0,0,Pathfinder,Catalyst,Lifeline,1705,539,994,6,2,1,0,1,2,7,2,1,0,1,0,2,0,0,,
11/15/2022,154,broken moon,ranked,422,G3,-32,no,no,13,2,0,0,Crypto,Ashe,Seer,165,341,172,0,0,0,0,0,0,0,0,0,0,0,0,1,0,0,,
11/15/2022,155,broken moon,ranked,226,G3,-20,no,no,13,2,0,0,Pathfinder,Ashe,Wraith,128,99,154,0,0,0,0,0,0,0,0,1,0,0,0,0,0,0,,
11/15/2022,156,broken moon,ranked,577,G3,25,no,no,9,2,0,0,Pathfinder,Vantage,Wraith,592,724,320,3,2,1,2,2,2,3,3,2,0,1,1,0,0,0,,
11/15/2022,157,broken moon,ranked,918,G3,-13,no,no,7,2,0,0,Pathfinder,Lifeline,Mirage,164,1494,575,0,1,0,0,0,0,0,4,0,0,1,2,0,0,1,,
11/15/2022,158,broken moon,ranked,316,G3,-36,no,no,15,2,0,0,Vantage,Fuse,Bloodhound,548,314,180,1,0,0,0,0,0,2,0,0,1,0,0,0,1,0,,
11/15/2022,159,broken moon,ranked,NA,G3,-36,no,no,5,2,0,0,NA,NA,NA,NA,NA,NA,NA,NA,NA,NA,NA,NA,NA,NA,NA,NA,NA,NA,NA,NA,NA,,
11/15/2022,160,broken moon,ranked,NA,G3,-26,no,no,11,2,1,NA,NA,NA,NA,NA,NA,NA,NA,NA,NA,NA,NA,NA,NA,NA,NA,NA,NA,NA,NA,NA,NA,,
11/15/2022,161,broken moon,ranked,743,G3,-2,no,no,10,2,0,0,Vantage,Horizon,NA,1120,502,NA,1,0,2,1,0,0,3,1,2,0,1,2,0,0,0,,
11/15/2022,162,broken moon,ranked,168,G3,-37,no,no,18,2,0,0,Vantage,Valkyrie,Apex,148,42,299,0,0,0,0,0,0,0,0,0,0,0,0,0,0,0,,
11/15/2022,163,broken moon,ranked,1225,G3,161,no,no,2,2,0,0,Vantage,Loba,Wraith,1501,1091,1335,2,2,4,1,3,1,2,2,5,0,0,3,0,1,1,,
11/15/2022,164,broken moon,ranked,903,G3,64,no,no,5,2,0,0,Vantage,Horizon,Ashe,653,771,608,0,3,1,3,0,1,0,3,2,0,2,1,0,0,0,,
11/15/2022,165,broken moon,ranked,1316,G3,308,no,no,2,2,0,0,Vantage,Maggie,Lifeline,2002,2142,1644,4,5,5,4,1,1,5,5,5,1,0,2,0,0,0,,
11/28/2022,166,broken moon,ranked,NA,G2,0,no,yes,NA,NA,NA,NA,NA,NA,NA,NA,NA,NA,NA,NA,NA,NA,NA,NA,NA,NA,NA,NA,NA,NA,NA,NA,NA,,
11/28/2022,167,broken moon,ranked,NA,G2,-30,no,no,12,,NA,NA,NA,NA,NA,NA,NA,NA,NA,NA,NA,NA,NA,NA,NA,NA,NA,NA,NA,NA,NA,NA,NA,,
11/28/2022,168,broken moon,ranked,NA,G2,-37,no,no,16,,NA,NA,NA,NA,NA,NA,NA,NA,NA,NA,NA,NA,NA,NA,NA,NA,NA,NA,NA,NA,NA,NA,NA,,
11/28/2022,169,broken moon,ranked,NA,G2,5,no,no,10,,NA,NA,NA,NA,NA,NA,NA,NA,NA,NA,NA,NA,NA,NA,NA,NA,NA,NA,NA,NA,NA,NA,NA,,
11/28/2022,170,broken moon,ranked,NA,G2,-39,no,no,14,,NA,NA,NA,NA,NA,NA,NA,NA,NA,NA,NA,NA,NA,NA,NA,NA,NA,NA,NA,NA,NA,NA,NA,,
11/28/2022,171,broken moon,ranked,NA,G2,179,no,no,3,,NA,NA,NA,NA,NA,NA,NA,NA,NA,NA,NA,NA,NA,NA,NA,NA,NA,NA,NA,NA,NA,NA,NA,,
11/28/2022,172,broken moon,ranked,NA,G2,33,no,no,3,,NA,NA,NA,NA,NA,NA,NA,NA,NA,NA,NA,NA,NA,NA,NA,NA,NA,NA,NA,NA,NA,NA,NA,,
11/28/2022,173,broken moon,ranked,NA,G2,-40,no,no,14,,NA,NA,NA,NA,NA,NA,NA,NA,NA,NA,NA,NA,NA,NA,NA,NA,NA,NA,NA,NA,NA,NA,NA,,
11/28/2022,174,broken moon,ranked,NA,G2,-15,no,no,9,,NA,NA,NA,NA,NA,NA,NA,NA,NA,NA,NA,NA,NA,NA,NA,NA,NA,NA,NA,NA,NA,NA,NA,,
11/28/2022,175,broken moon,ranked,NA,G2,39,no,no,6,,NA,NA,NA,NA,NA,NA,NA,NA,NA,NA,NA,NA,NA,NA,NA,NA,NA,NA,NA,NA,NA,NA,NA,,
11/28/2022,176,broken moon,ranked,NA,G2,-40,no,no,19,,NA,NA,NA,NA,NA,NA,NA,NA,NA,NA,NA,NA,NA,NA,NA,NA,NA,NA,NA,NA,NA,NA,NA,,
11/28/2022,177,broken moon,ranked,NA,G2,40,no,no,7,,NA,NA,NA,NA,NA,NA,NA,NA,NA,NA,NA,NA,NA,NA,NA,NA,NA,NA,NA,NA,NA,NA,NA,,
11/28/2022,178,broken moon,ranked,NA,G2,28,no,no,8,,NA,NA,NA,NA,NA,NA,NA,NA,NA,NA,NA,NA,NA,NA,NA,NA,NA,NA,NA,NA,NA,NA,NA,,
11/28/2022,179,broken moon,ranked,NA,G2,-14,no,no,NA,,NA,NA,NA,NA,NA,NA,NA,NA,NA,NA,NA,NA,NA,NA,NA,NA,NA,NA,NA,NA,NA,NA,NA,,
11/28/2022,180,broken moon,ranked,NA,G2,12,no,yes,9,,NA,NA,NA,NA,NA,NA,NA,NA,NA,NA,NA,NA,NA,NA,NA,NA,NA,NA,NA,NA,NA,NA,NA,,
11/28/2022,181,broken moon,ranked,NA,G2,24,no,yes,4,,NA,NA,NA,NA,NA,NA,NA,NA,NA,NA,NA,NA,NA,NA,NA,NA,NA,NA,NA,NA,NA,NA,NA,,
11/28/2022,182,broken moon,ranked,NA,G2,-35,no,yes,11,,NA,NA,NA,NA,NA,NA,NA,NA,NA,NA,NA,NA,NA,NA,NA,NA,NA,NA,NA,NA,NA,NA,NA,,
11/28/2022,183,broken moon,ranked,NA,G2,-35,no,yes,13,,NA,NA,NA,NA,NA,NA,NA,NA,NA,NA,NA,NA,NA,NA,NA,NA,NA,NA,NA,NA,NA,NA,NA,,
11/29/2022,184,broken moon,ranked,NA,G2,210,no,no,1,,NA,NA,NA,NA,NA,NA,NA,NA,NA,NA,NA,NA,NA,NA,NA,NA,NA,NA,NA,NA,NA,NA,NA,,
11/29/2022,185,broken moon,ranked,NA,G1,0,no,no,11,0,NA,NA,NA,NA,NA,NA,NA,NA,NA,NA,NA,NA,NA,NA,NA,NA,NA,NA,NA,NA,NA,NA,NA,,
11/29/2022,186,broken moon,ranked,NA,G1,257,no,yes,1,,NA,NA,NA,NA,NA,NA,NA,NA,NA,NA,NA,NA,NA,NA,NA,NA,NA,NA,NA,NA,NA,NA,NA,,
11/29/2022,187,broken moon,ranked,NA,G1,43,no,yes,6,,NA,NA,NA,NA,NA,NA,NA,NA,NA,NA,NA,NA,NA,NA,NA,NA,NA,NA,NA,NA,NA,NA,NA,,
11/29/2022,188,broken moon,ranked,NA,G1,155,no,yes,2,,NA,NA,NA,NA,NA,NA,NA,NA,NA,NA,NA,NA,NA,NA,NA,NA,NA,NA,NA,NA,NA,NA,NA,,
12/1/2022,189,broken moon,ranked,NA,G1,-42,no,no,17,2,0,0,NA,NA,NA,NA,NA,NA,NA,NA,NA,NA,NA,NA,NA,NA,NA,NA,NA,NA,NA,NA,NA,,
12/1/2022,190,broken moon,ranked,266,G1,-43,no,no,16,2,0,0,Vantage,Bangalore,Bloodhound,225,139,197,0,0,0,0,0,0,0,0,0,0,0,0,0,0,0,,
12/1/2022,191,broken moon,ranked,155,G1,-39,no,no,16,2,0,0,Vantage,Revenant,Seer,130,546,150,0,3,1,0,0,0,0,3,1,0,0,0,0,0,0,,
12/1/2022,192,broken moon,ranked,1097,G1,57,no,no,4,2,0,0,Catalyst,Fuse,Vantage,990,962,892,0,3,2,0,0,1,2,3,3,1,0,1,2,0,0,,
12/1/2022,193,broken moon,ranked,631,G1,-31,no,no,12,2,0,0,Vantage,Bangalore,Caustic,393,383,236,1,0,0,0,0,1,3,0,0,0,0,0,0,1,0,,
12/1/2022,194,broken moon,ranked,928,G1,NA,no,no,4,2,0,0,Vantage,Octane,Seer,292,634,236,1,2,0,0,1,1,1,2,0,0,0,0,0,0,0,,
12/2/2022,195,broken moon,ranked,313,G1,-28,no,no,13,2,0,0,Vantage,Bangalore,Revenant,298,38,580,0,1,2,1,0,0,0,1,3,0,0,0,0,0,0,,
12/2/2022,196,broken moon,ranked,724,G1,-33,no,no,9,2,0,0,Vantage,Valkyrie,Horizon,313,190,172,0,0,0,0,0,0,0,1,0,0,0,0,0,0,0,,
12/2/2022,197,broken moon,ranked,168,G1,-43,no,no,20,2,0,0,Vantage,Bangalore,Horizon,177,114,268,0,0,0,0,0,0,0,0,0,0,0,0,0,0,0,,
12/2/2022,198,broken moon,ranked,108,G1,-43,no,no,19,2,0,0,Vantage,Ashe,Octane,0,102,184,0,0,0,0,0,0,0,1,0,0,0,0,0,0,0,,
12/2/2022,199,broken moon,ranked,407,G1,-38,no,no,12,2,0,0,Vantage,Wraith,Fuse,204,163,315,0,0,0,0,0,0,0,0,0,0,0,0,0,0,0,,
12/2/2022,200,broken moon,ranked,998,G1,-1,no,no,10,2,0,0,Crypto,Bangalore,Pathfinder,840,782,765,1,0,3,0,2,0,1,1,3,1,1,0,0,0,0,,
12/2/2022,201,broken moon,ranked,222,G1,-43,no,no,16,2,0,0,Crypto,Lifeline,Ashe,98,14,66,0,0,0,0,0,0,0,0,0,0,0,0,0,0,0,,
12/2/2022,202,broken moon,ranked,260,G1,-43,no,no,14,2,0,0,Crypto,Valkyrie,Bangalore,14,349,30,0,0,0,0,0,0,0,0,0,0,0,0,0,0,0,,
12/2/2022,203,broken moon,ranked,1276,G1,219,no,no,1,2,0,1,Crypto,Valkyrie,Octane,1117,1339,437,3,3,0,2,2,0,3,4,1,0,0,0,0,0,0,,
12/2/2022,204,broken moon,ranked,171,G1,-43,no,no,14,2,0,0,Crypto,Vantage,Wraith,355,161,44,0,0,0,0,0,0,0,1,2,0,0,0,0,0,0,,
12/2/2022,205,broken moon,ranked,891,G1,1,no,no,9,2,0,0,Crypto,Bangalore,Ashe,333,303,607,2,0,0,0,1,0,2,1,0,0,1,0,0,0,0,,
12/2/2022,206,broken moon,ranked,779,G1,NA,no,no,7,2,0,0,Crypto,Loba,Fuse,301,272,267,0,1,0,0,0,0,0,1,0,0,0,0,0,0,0,,
12/2/2022,207,broken moon,ranked,NA,G1,-42,no,no,14,NA,NA,NA,NA,NA,NA,NA,NA,NA,NA,NA,NA,NA,NA,NA,NA,NA,NA,NA,NA,NA,NA,NA,NA,,
12/2/2022,208,broken moon,ranked,119,G1,-43,no,no,18,2,0,0,Crypto,Bloodhound,Horizon,75,338,106,0,1,0,0,0,1,0,2,0,0,0,0,0,0,0,,
12/2/2022,209,broken moon,ranked,122,G1,-42,no,no,20,2,0,0,Pathfinder,Bangalore,Catalyst,261,142,18,1,0,0,0,0,0,1,0,0,0,0,0,0,0,0,,
12/2/2022,210,broken moon,ranked,NA,NA,-28,no,no,NA,NA,NA,NA,NA,NA,NA,NA,NA,NA,NA,NA,NA,NA,NA,NA,NA,NA,NA,NA,NA,NA,NA,NA,NA,,
12/2/2022,211,broken moon,ranked,NA,G1,-43,no,no,14,2,1,NA,NA,NA,NA,NA,NA,NA,NA,NA,NA,NA,NA,NA,NA,NA,NA,NA,NA,NA,NA,NA,NA,,
12/6/2022,212,broken moon,ranked,655,G1,-13,no,no,10,2,0,1,Crypto,Bangalore,Mirage,513,521,0,1,1,0,1,0,0,1,1,0,0,0,0,0,0,0,,
12/6/2022,213,broken moon,ranked,854,G1,81,no,no,8,2,0,0,Crypto,Newcastle,Seer,571,760,716,3,4,2,6,3,5,3,4,2,1,2,0,0,0,0,,
12/6/2022,214,broken moon,ranked,300,G1,-43,no,no,16,2,0,0,Crypto,Gibby,Valkyrie,174,0,103,0,0,0,0,0,0,1,0,0,0,0,0,0,0,0,,
12/6/2022,215,broken moon,ranked,189,G1,-43,no,no,19,2,0,0,Crypto,Ashe,Horizon,75,214,264,0,0,0,0,0,0,0,0,1,0,0,0,0,0,0,,
12/6/2022,216,broken moon,ranked,1057,G1,48,no,yes,4,2,0,0,Crypto,Pathfinder,Wraith,520,779,1114,0,1,2,1,0,1,1,1,2,1,0,0,0,0,0,,
12/6/2022,217,broken moon,ranked,1173,G1,22,no,yes,5,2,0,0,Vantage,Fuse,Caustic,507,92,410,0,2,0,0,0,2,0,2,0,0,1,0,0,0,0,,
12/6/2022,218,broken moon,ranked,675,G1,87,no,no,3,2,0,0,Vantage,Catalyst,Seer,277,1698,1023,0,2,4,1,2,2,0,2,4,0,1,0,0,0,0,,
12/6/2022,219,broken moon,ranked,90,G1,-42,no,no,19,2,0,0,Vantage,NA,NA,174,309,32,0,1,0,1,0,1,0,1,0,0,0,0,0,0,0,,
12/6/2022,220,broken moon,ranked,1253,G1,138,no,no,2,2,0,2,Ashe,Wattson,Vantage,635,335,376,3,1,0,0,0,2,3,1,0,0,1,0,0,0,0,,
12/6/2022,221,broken moon,ranked,355,G1,-38,no,no,13,2,0,0,Ashe,Vantage,Lifeline,130,148,144,0,0,0,0,0,0,1,0,1,0,0,0,0,0,0,,
12/6/2022,222,broken moon,ranked,179,G1,-42,no,no,18,2,0,0,Ashe,Wraith,Vantage,64,695,22,0,1,0,0,0,0,0,2,0,0,0,0,0,0,0,,
12/6/2022,223,broken moon,ranked,551,G1,-30,no,no,12,2,0,0,Ashe,Loba,Bangalore,208,287,578,1,0,1,0,2,1,2,0,1,0,0,1,0,0,0,,
12/6/2022,224,broken moon,ranked,206,G1,-38,no,no,13,2,0,0,Ashe,Bangalore,Octane,215,99,146,0,0,0,0,0,0,1,0,1,0,0,0,0,0,0,,
12/6/2022,225,broken moon,ranked,905,G1,NA,no,no,5,2,0,0,Valkyrie,Mirage,Catalyst,1065,593,1185,4,0,3,1,2,2,4,1,4,0,0,3,0,0,0,,
12/6/2022,226,broken moon,ranked,402,G1,-26,no,no,11,2,0,0,Valkyrie,Wraith,Maggie,363,485,318,1,2,0,1,1,2,2,2,0,0,0,0,0,0,0,,
12/7/2022,227,broken moon,ranked,NA,G1,344,no,no,1,NA,NA,NA,NA,NA,NA,NA,NA,NA,NA,NA,NA,NA,NA,NA,NA,NA,NA,NA,NA,NA,NA,NA,NA,,
12/7/2022,228,broken moon,ranked,1285,G1,287,no,no,3,2,0,0,Crypto,Bangalore,Octane,1109,1660,1127,3,0,5,1,3,1,3,0,6,1,0,0,0,0,0,,
12/7/2022,229,broken moon,ranked,646,P4,-36,no,yes,10,2,0,0,Crypto,Caustic,Bangalore,0,212,190,0,0,0,0,0,0,0,0,1,0,0,0,0,0,0,,
12/7/2022,230,broken moon,ranked,971,P4,63,no,yes,5,2,0,0,Crypto,Horizon,Octane,1071,659,797,1,2,1,3,0,2,2,2,2,1,0,0,0,0,0,,
12/7/2022,231,broken moon,ranked,NA,P4,-45,no,yes,19,NA,NA,NA,NA,NA,NA,NA,NA,NA,NA,NA,NA,NA,NA,NA,NA,NA,NA,NA,NA,NA,NA,NA,NA,,
12/7/2022,232,broken moon,ranked,1203,P4,334,no,yes,2,2,0,0,Crypto,Maggie,Bangalore,2426,1569,1217,6,8,2,4,1,3,7,9,2,3,1,1,0,1,0,,
12/7/2022,233,broken moon,ranked,970,P4,134,no,no,3,2,0,0,Crypto,Bloodhound,Bangalore,608,993,748,3,3,0,2,1,1,3,3,0,0,1,0,0,0,0,,
12/7/2022,234,broken moon,ranked,474,P4,-36,no,yes,12,2,0,0,Crypto,Pathfinder,Mirage,30,631,223,0,1,1,1,1,0,0,1,2,0,1,0,0,0,0,,
12/7/2022,235,broken moon,ranked,NA,P4,NA,no,yes,5,NA,NA,NA,NA,NA,NA,NA,NA,NA,NA,NA,NA,NA,NA,NA,NA,NA,NA,NA,NA,NA,NA,NA,NA,,
12/7/2022,236,broken moon,ranked,422,P4,-41,no,yes,13,2,0,0,Pathfinder,Horizon,Seer,287,415,532,0,0,0,0,0,0,0,1,0,1,0,0,0,0,0,,
12/7/2022,237,broken moon,ranked,46,P4,-46,no,yes,20,2,0,0,Pathfinder,Gibby,Lifeline,110,0,40,0,0,0,0,0,0,1,0,0,0,0,0,0,0,0,,
12/7/2022,238,broken moon,ranked,1134,P4,NA,no,yes,2,2,0,0,Pathfinder,Mirage,Horizon,573,830,1199,2,2,4,2,0,3,2,2,5,0,0,0,0,1,0,,
12/7/2022,239,broken moon,ranked,203,P4,-46,no,no,14,2,0,0,Pathfinder,Catalyst,Newcastle,114,0,398,0,0,1,0,0,0,0,0,0,0,0,0,0,0,0,,
12/7/2022,240,broken moon,ranked,84,P4,-46,no,no,18,2,0,0,Crypto,Fuse,Pathfinder,118,126,245,0,0,0,0,0,0,0,0,1,0,0,0,0,0,0,,
12/7/2022,241,broken moon,ranked,434,P4,-26,no,yes,11,2,0,0,Crypto,Loba,Catalyst,440,131,407,1,1,1,2,0,0,1,1,1,0,0,1,0,0,0,,
12/7/2022,242,broken moon,ranked,1148,P4,254,no,yes,1,2,0,0,Crypto,Horizon,Gibraltar,600,1911,1742,0,8,4,5,3,4,0,9,4,0,0,1,0,1,1,,
12/7/2022,243,broken moon,ranked,NA,P4,-46,no,no,NA,NA,NA,NA,NA,NA,NA,NA,NA,NA,NA,NA,NA,NA,NA,NA,NA,NA,NA,NA,NA,NA,NA,NA,NA,,
12/8/2022,244,broken moon,ranked,294,P3,-49,no,yes,14,2,0,0,Vantage,Horizon,Bangalore,0,167,269,0,0,0,0,0,0,0,1,0,0,1,1,0,0,0,,
12/8/2022,245,broken moon,ranked,196,P3,-49,no,yes,16,2,0,0,Crypto,Horizon,Vantage,410,36,206,0,0,0,0,0,0,2,0,0,1,0,0,0,0,0,,
12/8/2022,246,broken moon,ranked,1175,P3,204,no,yes,1,2,0,0,Crypto,Bangalore,Pathfinder,540,1026,807,1,3,2,3,1,3,1,4,2,0,0,1,0,0,0,,
12/8/2022,247,broken moon,ranked,970,P3,-26,no,yes,7,2,0,0,Crypto,Bangalore,Horizon,150,539,25,0,0,0,0,0,0,0,0,0,0,0,0,0,0,0,,
12/8/2022,248,broken moon,ranked,139,P3,-48,no,no,17,2,0,0,Crypto,Valkyrie,Bangalore,94,293,162,0,2,0,0,0,1,0,2,0,0,0,0,0,0,0,,
12/8/2022,249,broken moon,ranked,985,P3,-29,no,no,8,2,0,0,Crypto,Mirage,Loba,127,0,74,0,0,0,0,0,0,0,0,0,0,0,0,0,0,0,,
12/8/2022,250,broken moon,ranked,317,P3,-49,no,no,17,2,0,0,Crypto,Octane,Caustic,345,49,140,0,0,0,0,0,0,1,0,0,0,0,0,0,0,0,,
12/8/2022,251,broken moon,ranked,250,P3,-49,no,no,15,2,0,0,Vantage,Bloodhound,Caustic,256,287,188,0,1,0,0,0,1,0,1,1,0,1,0,0,0,0,,
12/8/2022,252,broken moon,ranked,415,P4,-46,no,no,14,2,0,0,Vantage,Pathfinder,Seer,230,692,250,0,1,1,0,1,1,0,2,2,0,0,0,0,0,1,,
12/8/2022,253,broken moon,ranked,295,P4,-46,no,no,15,2,0,0,Crypto,Vantage,Gibraltar,200,465,140,0,0,0,0,0,0,1,0,0,0,0,0,0,0,0,,
12/8/2022,254,broken moon,ranked,1286,P4,241,no,yes,1,2,0,0,Crypto,Catalyst,Bangalore,1124,555,1084,3,4,1,2,0,3,3,4,1,2,0,0,1,0,0,,
12/8/2022,255,broken moon,ranked,1039,P3,218,no,no,1,2,0,0,Crypto,Rampart,Bloodhound,749,448,657,2,2,3,3,1,2,2,2,3,0,1,0,0,0,0,,
12/8/2022,256,broken moon,ranked,616,P3,31,no,no,9,1,0,0,Crypto,Loba,NA,378,806,NA,1,3,NA,2,0,NA,1,3,NA,0,0,NA,0,0,NA,,
12/8/2022,257,broken moon,ranked,1077,P3,91,no,no,3,2,0,0,Vantage,Rampart,Revenant,1022,706,719,0,1,4,2,2,0,1,1,4,1,0,0,0,0,0,,
12/8/2022,258,broken moon,ranked,1216,P3,90,no,no,4,2,0,0,Vantage,Pathfinder,Rampart,1535,1522,1460,2,5,0,1,1,5,2,5,1,0,1,0,0,0,0,,
12/8/2022,259,broken moon,ranked,366,P3,-29,no,no,13,2,0,0,Vantage,Revenant,Seer,354,495,610,0,3,2,1,1,3,0,3,2,0,0,3,0,0,0,,
12/8/2022,260,broken moon,ranked,845,P3,-29,no,no,10,2,0,0,Vantage,Loba,Horizon,514,550,1450,0,0,1,1,0,0,0,1,3,0,0,0,0,0,0,,
12/8/2022,261,broken moon,ranked,275,P3,-47,no,yes,15,2,0,0,Vantage,Pathfinder,Rampart,150,368,139,1,1,0,0,0,0,1,1,0,0,0,0,0,0,0,,
12/8/2022,262,broken moon,ranked,576,P3,-5,no,yes,7,2,0,0,Crypto,Ashe,Pathfinder,573,457,317,1,1,1,0,0,0,1,2,2,0,0,0,0,0,0,,
12/8/2022,263,broken moon,ranked,156,P3,-49,no,yes,18,2,0,0,Crypto,Vantage,Bloodhound,143,132,237,0,0,0,0,0,0,1,0,0,0,0,0,0,0,0,,
12/8/2022,264,broken moon,ranked,235,P3,-49,no,yes,15,2,0,0,Crypto,Octane,Revenant,37,98,312,0,0,0,0,0,0,0,0,1,0,1,0,0,0,0,,
12/8/2022,265,broken moon,ranked,481,P3,-44,no,no,11,2,0,0,Vantage,Bangalore,Lifeline,353,175,276,0,0,0,0,0,0,1,1,0,0,0,0,0,0,0,,
12/8/2022,266,broken moon,ranked,442,P3,-39,no,no,10,2,0,0,Vantage,Gibraltar,Bangalore,197,149,89,0,0,0,0,0,0,0,0,0,0,0,0,0,0,0,,
12/9/2022,267,broken moon,ranked,201,P3,-46,no,no,16,2,0,0,Vantage,Fuse,Wattson,317,302,552,0,1,2,1,1,0,0,2,2,0,0,0,0,0,0,,
12/9/2022,268,broken moon,ranked,NA,P3,-49,no,no,17,NA,NA,NA,NA,NA,NA,NA,NA,NA,NA,NA,NA,NA,NA,NA,NA,NA,NA,NA,NA,NA,NA,NA,NA,,
12/9/2022,269,broken moon,ranked,127,P3,-49,no,no,18,2,0,0,Vantage,Lifeline,Loba,8,150,0,0,0,0,0,0,0,0,1,0,0,0,0,0,,0,,
12/9/2022,270,broken moon,ranked,NA,P3,242,no,yes,1,2,0,0,NA,NA,NA,NA,NA,NA,NA,NA,NA,NA,NA,NA,NA,NA,NA,NA,NA,NA,NA,NA,NA,,
12/9/2022,271,broken moon,ranked,828,P3,-11,yes,yes,7,2,0,0,Vantage,Horizon,Pathfinder,1303,304,199,0,5,0,1,0,0,0,6,0,0,0,,0,,0,,
12/9/2022,272,broken moon,ranked,994,P3,263,yes,yes,1,2,0,0,Crypto,Pathfinder,Horizon,860,1107,1784,1,1,9,4,3,1,1,2,10,0,1,1,0,1,0,,
12/9/2022,273,broken moon,ranked,802,P3,-39,yes,yes,11,2,0,0,Crypto,Horizon,Pathfinder,107,32,170,0,1,0,1,0,0,0,0,0,0,0,0,2,0,0,,
12/9/2022,274,broken moon,ranked,971,P3,6,yes,yes,4,1,0,0,Crypto,Pathfinder,NA,369,443,NA,0,0,NA,0,0,NA,1,1,NA,0,0,NA,0,0,NA,,
12/9/2022,275,broken moon,ranked,1043,P3,44,no,yes,6,2,0,0,Crypto,Horizon,Caustic,1317,951,955,3,0,2,1,1,1,3,1,2,0,0,0,2,0,0,,
12/9/2022,276,broken moon,ranked,97,P3,-49,no,no,19,2,0,0,Crypto,Pathfinder,Mirage,135,79,334,0,0,1,0,1,0,0,0,1,0,0,0,0,0,0,,
12/9/2022,277,broken moon,ranked,NA,P3,124,no,no,5,NA,NA,NA,NA,NA,NA,NA,NA,NA,NA,NA,NA,NA,NA,NA,NA,NA,NA,NA,NA,NA,NA,NA,NA,,
12/9/2022,278,broken moon,ranked,187,P3,-49,no,yes,15,2,0,0,Wattson,Vantage,Catalyst,133,214,407,0,0,0,0,0,0,0,0,1,0,0,0,0,0,0,,
12/9/2022,279,broken moon,ranked,906,P3,-29,no,yes,8,2,0,0,Wattson,Loba,Caustic,536,548,211,0,0,0,0,0,0,0,1,0,0,0,0,0,0,0,,
12/9/2022,280,broken moon,ranked,1222,P3,91,no,no,3,2,0,0,Vantage,Catalyst,Revenant,882,672,1472,2,1,2,0,2,2,2,1,2,1,1,2,0,0,0,,
12/9/2022,281,broken moon,ranked,NA,P3,-49,no,yes,14,NA,NA,NA,NA,NA,NA,NA,NA,NA,NA,NA,NA,NA,NA,NA,NA,NA,NA,NA,NA,NA,NA,NA,NA,,
12/13/2022,282,broken moon,ranked,NA,P3,36,no,no,9,2,0,0,NA,NA,NA,NA,NA,NA,NA,NA,NA,NA,NA,NA,NA,NA,NA,NA,NA,NA,NA,NA,NA,,
12/13/2022,283,broken moon,ranked,NA,P3,-23,no,yes,9,NA,NA,NA,NA,NA,NA,NA,NA,NA,NA,NA,NA,NA,NA,NA,NA,NA,NA,NA,NA,NA,NA,NA,NA,,
12/13/2022,284,broken moon,ranked,NA,P3,-44,no,no,11,NA,NA,NA,NA,NA,NA,NA,NA,NA,NA,NA,NA,NA,NA,NA,NA,NA,NA,NA,NA,NA,NA,NA,NA,,
12/13/2022,285,broken moon,ranked,NA,P3,52,no,no,5,NA,NA,NA,NA,NA,NA,NA,NA,NA,NA,NA,NA,NA,NA,NA,NA,NA,NA,NA,NA,NA,NA,NA,NA,,
12/13/2022,286,broken moon,ranked,NA,P3,-49,no,yes,19,NA,NA,NA,NA,NA,NA,NA,NA,NA,NA,NA,NA,NA,NA,NA,NA,NA,NA,NA,NA,NA,NA,NA,NA,,
12/13/2022,287,broken moon,ranked,NA,P3,-49,no,yes,19,NA,NA,NA,NA,NA,NA,NA,NA,NA,NA,NA,NA,NA,NA,NA,NA,NA,NA,NA,NA,NA,NA,NA,NA,,
12/13/2022,288,broken moon,ranked,NA,P3,-48,no,no,14,2,1,NA,Pathfinder,Loba,Newcastle,250,NA,NA,1,NA,NA,0,NA,NA,1,NA,NA,0,NA,NA,0,0,0,,
12/13/2022,289,broken moon,ranked,NA,P3,-44,no,no,11,NA,NA,NA,NA,NA,NA,NA,NA,NA,NA,NA,NA,NA,NA,NA,NA,NA,NA,NA,NA,NA,NA,NA,NA,,
1/3/2023,290,broken moon,ranked,NA,P3,-44,no,no,13,2,NA,NA,NA,NA,NA,NA,NA,NA,NA,NA,NA,NA,NA,NA,NA,NA,NA,NA,NA,NA,NA,NA,NA,,
1/3/2023,291,broken moon,ranked,NA,P3,-42,no,no,,NA,NA,NA,NA,NA,NA,NA,NA,NA,NA,NA,NA,NA,NA,NA,NA,NA,NA,NA,NA,NA,NA,NA,NA,,
1/3/2023,292,broken moon,ranked,NA,P3,-49,no,no,,NA,NA,NA,NA,NA,NA,NA,NA,NA,NA,NA,NA,NA,NA,NA,NA,NA,NA,NA,NA,NA,NA,NA,NA,,
1/3/2023,293,broken moon,ranked,NA,P3,218,no,no,,NA,NA,NA,NA,NA,NA,NA,NA,NA,NA,NA,NA,NA,NA,NA,NA,NA,NA,NA,NA,NA,NA,NA,NA,,
1/3/2023,294,broken moon,ranked,NA,P3,-49,no,no,20,NA,NA,NA,NA,NA,NA,NA,NA,NA,NA,NA,NA,NA,NA,NA,NA,NA,NA,NA,NA,NA,NA,NA,NA,,
1/3/2023,295,broken moon,ranked,NA,P3,-46,no,no,15,NA,NA,NA,NA,NA,NA,NA,NA,NA,NA,NA,NA,NA,NA,NA,NA,NA,NA,NA,NA,NA,NA,NA,NA,,
1/3/2023,296,broken moon,ranked,NA,P3,-49,no,no,15,NA,NA,NA,NA,NA,NA,NA,NA,NA,NA,NA,NA,NA,NA,NA,NA,NA,NA,NA,NA,NA,NA,NA,NA,,
1/3/2023,297,broken moon,ranked,NA,P3,-49,no,no,18,NA,NA,NA,NA,NA,NA,NA,NA,NA,NA,NA,NA,NA,NA,NA,NA,NA,NA,NA,NA,NA,NA,NA,NA,,
1/4/2023,298,broken moon,ranked,NA,P3,NA,NA,NA,NA,NA,NA,NA,NA,NA,NA,NA,NA,NA,NA,NA,NA,NA,NA,NA,NA,NA,NA,NA,NA,NA,NA,NA,NA,,
1/4/2023,299,broken moon,ranked,NA,P3,NA,NA,NA,NA,NA,NA,NA,NA,NA,NA,NA,NA,NA,NA,NA,NA,NA,NA,NA,NA,NA,NA,NA,NA,NA,NA,NA,NA,,
1/4/2023,300,broken moon,ranked,NA,P3,-12,no,no,6,NA,NA,NA,NA,NA,NA,NA,NA,NA,NA,NA,NA,NA,NA,NA,NA,NA,NA,NA,NA,NA,NA,NA,NA,,
1/4/2023,301,broken moon,ranked,NA,P3,12,no,no,5,NA,NA,NA,NA,NA,NA,NA,NA,NA,NA,NA,NA,NA,NA,NA,NA,NA,NA,NA,NA,NA,NA,NA,NA,,
1/4/2023,302,broken moon,ranked,NA,P3,23,no,no,6,NA,NA,NA,NA,NA,NA,NA,NA,NA,NA,NA,NA,NA,NA,NA,NA,NA,NA,NA,NA,NA,NA,NA,NA,,
1/4/2023,303,broken moon,ranked,NA,P3,23,no,no,10,NA,NA,NA,NA,NA,NA,NA,NA,NA,NA,NA,NA,NA,NA,NA,NA,NA,NA,NA,NA,NA,NA,NA,NA,,
1/4/2023,304,broken moon,ranked,NA,P3,114,no,yes,10,NA,NA,NA,NA,NA,NA,NA,NA,NA,NA,NA,NA,NA,NA,NA,NA,NA,NA,NA,NA,NA,NA,NA,NA,,
1/4/2023,305,broken moon,ranked,NA,P3,-49,no,no,14,NA,NA,NA,NA,NA,NA,NA,NA,NA,NA,NA,NA,NA,NA,NA,NA,NA,NA,NA,NA,NA,NA,NA,NA,,
1/4/2023,306,broken moon,ranked,NA,P3,-47,no,no,15,NA,NA,NA,NA,NA,NA,NA,NA,NA,NA,NA,NA,NA,NA,NA,NA,NA,NA,NA,NA,NA,NA,NA,NA,,
1/4/2023,307,broken moon,ranked,NA,P3,161,no,yes,3,NA,NA,NA,NA,NA,NA,NA,NA,NA,NA,NA,NA,NA,NA,NA,NA,NA,NA,NA,NA,NA,NA,NA,NA,,
1/5/2023,308,broken moon,ranked,NA,P2,-32,no,yes,7,NA,NA,NA,NA,NA,NA,NA,NA,NA,NA,NA,NA,NA,NA,NA,NA,NA,NA,NA,NA,NA,NA,NA,NA,,
1/5/2023,309,broken moon,ranked,NA,P2,-52,no,no,15,NA,NA,NA,NA,NA,NA,NA,NA,NA,NA,NA,NA,NA,NA,NA,NA,NA,NA,NA,NA,NA,NA,NA,NA,,
1/5/2023,310,broken moon,ranked,NA,P2,-37,no,no,9,NA,NA,NA,NA,NA,NA,NA,NA,NA,NA,NA,NA,NA,NA,NA,NA,NA,NA,NA,NA,NA,NA,NA,NA,,
1/5/2023,311,broken moon,ranked,NA,P2,125,no,no,1,NA,NA,NA,NA,NA,NA,NA,NA,NA,NA,NA,NA,NA,NA,NA,NA,NA,NA,NA,NA,NA,NA,NA,NA,,
1/5/2023,312,broken moon,ranked,NA,P2,-51,no,no,15,NA,NA,NA,NA,NA,NA,NA,NA,NA,NA,NA,NA,NA,NA,NA,NA,NA,NA,NA,NA,NA,NA,NA,NA,,
1/5/2023,313,broken moon,ranked,NA,P2,-51,no,no,15,NA,NA,NA,NA,NA,NA,NA,NA,NA,NA,NA,NA,NA,NA,NA,NA,NA,NA,NA,NA,NA,NA,NA,NA,,
1/5/2023,314,broken moon,ranked,NA,P2,158,no,yes,2,NA,NA,NA,NA,NA,NA,NA,NA,NA,NA,NA,NA,NA,NA,NA,NA,NA,NA,NA,NA,NA,NA,NA,NA,,
1/5/2023,315,broken moon,ranked,NA,P2,-52,no,yes,18,NA,NA,NA,NA,NA,NA,NA,NA,NA,NA,NA,NA,NA,NA,NA,NA,NA,NA,NA,NA,NA,NA,NA,NA,,
1/5/2023,316,broken moon,ranked,NA,P2,-51,no,no,17,NA,NA,NA,NA,NA,NA,NA,NA,NA,NA,NA,NA,NA,NA,NA,NA,NA,NA,NA,NA,NA,NA,NA,NA,,
1/5/2023,317,broken moon,ranked,NA,P2,-37,no,no,12,NA,NA,NA,NA,NA,NA,NA,NA,NA,NA,NA,NA,NA,NA,NA,NA,NA,NA,NA,NA,NA,NA,NA,NA,,
1/5/2023,318,broken moon,ranked,NA,P2,-7,no,no,11,NA,NA,NA,NA,NA,NA,NA,NA,NA,NA,NA,NA,NA,NA,NA,NA,NA,NA,NA,NA,NA,NA,NA,NA,,
1/5/2023,319,broken moon,ranked,NA,P2,81,no,no,5,NA,NA,NA,NA,NA,NA,NA,NA,NA,NA,NA,NA,NA,NA,NA,NA,NA,NA,NA,NA,NA,NA,NA,NA,,
1/5/2023,320,broken moon,ranked,NA,P2,77,no,yes,2,NA,NA,NA,NA,NA,NA,NA,NA,NA,NA,NA,NA,NA,NA,NA,NA,NA,NA,NA,NA,NA,NA,NA,NA,,
1/5/2023,321,broken moon,ranked,NA,P2,113,no,yes,5,NA,NA,NA,NA,NA,NA,NA,NA,NA,NA,NA,NA,NA,NA,NA,NA,NA,NA,NA,NA,NA,NA,NA,NA,,
1/5/2023,322,broken moon,ranked,NA,P2,-52,no,yes,19,NA,NA,NA,NA,NA,NA,NA,NA,NA,NA,NA,NA,NA,NA,NA,NA,NA,NA,NA,NA,NA,NA,NA,NA,,
1/5/2023,323,broken moon,ranked,NA,P2,10,no,no,8,NA,NA,NA,NA,NA,NA,NA,NA,NA,NA,NA,NA,NA,NA,NA,NA,NA,NA,NA,NA,NA,NA,NA,NA,,
1/5/2023,324,broken moon,ranked,NA,P2,16,no,no,8,NA,NA,NA,NA,NA,NA,NA,NA,NA,NA,NA,NA,NA,NA,NA,NA,NA,NA,NA,NA,NA,NA,NA,NA,,
1/6/2023,325,broken moon,ranked,NA,P2,38,no,no,3,NA,NA,NA,NA,NA,NA,NA,NA,NA,NA,NA,NA,NA,NA,NA,NA,NA,NA,NA,NA,NA,NA,NA,NA,,
1/6/2023,326,broken moon,ranked,NA,P2,-47,no,no,11,NA,NA,NA,NA,NA,NA,NA,NA,NA,NA,NA,NA,NA,NA,NA,NA,NA,NA,NA,NA,NA,NA,NA,NA,,
1/6/2023,327,broken moon,ranked,NA,P2,-49,no,no,15,NA,NA,NA,NA,NA,NA,NA,NA,NA,NA,NA,NA,NA,NA,NA,NA,NA,NA,NA,NA,NA,NA,NA,NA,,
1/6/2023,328,broken moon,ranked,NA,P2,-52,no,no,20,NA,NA,NA,NA,NA,NA,NA,NA,NA,NA,NA,NA,NA,NA,NA,NA,NA,NA,NA,NA,NA,NA,NA,NA,,
1/6/2023,329,broken moon,ranked,NA,P2,-52,no,no,20,NA,NA,NA,NA,NA,NA,NA,NA,NA,NA,NA,NA,NA,NA,NA,NA,NA,NA,NA,NA,NA,NA,NA,NA,,
1/6/2023,330,broken moon,ranked,NA,P2,-20,no,no,7,NA,NA,NA,NA,NA,NA,NA,NA,NA,NA,NA,NA,NA,NA,NA,NA,NA,NA,NA,NA,NA,NA,NA,NA,,
1/6/2023,331,broken moon,ranked,NA,P2,-49,no,no,14,NA,NA,NA,NA,NA,NA,NA,NA,NA,NA,NA,NA,NA,NA,NA,NA,NA,NA,NA,NA,NA,NA,NA,NA,,
1/6/2023,332,broken moon,ranked,NA,P2,-50,no,no,14,NA,NA,NA,NA,NA,NA,NA,NA,NA,NA,NA,NA,NA,NA,NA,NA,NA,NA,NA,NA,NA,NA,NA,NA,,
1/6/2023,333,broken moon,ranked,NA,P2,-22,no,no,11,NA,NA,NA,NA,NA,NA,NA,NA,NA,NA,NA,NA,NA,NA,NA,NA,NA,NA,NA,NA,NA,NA,NA,NA,,
1/6/2023,334,broken moon,ranked,NA,P2,58,no,yes,3,NA,NA,NA,NA,NA,NA,NA,NA,NA,NA,NA,NA,NA,NA,NA,NA,NA,NA,NA,NA,NA,NA,NA,NA,,
1/6/2023,335,broken moon,ranked,NA,P2,-47,no,no,3,NA,NA,NA,NA,NA,NA,NA,NA,NA,NA,NA,NA,NA,NA,NA,NA,NA,NA,NA,NA,NA,NA,NA,NA,,
1/6/2023,336,broken moon,ranked,NA,P2,-50,no,yes,19,NA,NA,NA,NA,NA,NA,NA,NA,NA,NA,NA,NA,NA,NA,NA,NA,NA,NA,NA,NA,NA,NA,NA,NA,,
1/6/2023,337,broken moon,ranked,NA,P2,-51,no,yes,16,NA,NA,NA,NA,NA,NA,NA,NA,NA,NA,NA,NA,NA,NA,NA,NA,NA,NA,NA,NA,NA,NA,NA,NA,,
1/6/2023,338,broken moon,ranked,NA,P2,-42,no,yes,13,NA,NA,NA,NA,NA,NA,NA,NA,NA,NA,NA,NA,NA,NA,NA,NA,NA,NA,NA,NA,NA,NA,NA,NA,,
1/6/2023,339,broken moon,ranked,NA,P2,-51,no,no,14,NA,NA,NA,NA,NA,NA,NA,NA,NA,NA,NA,NA,NA,NA,NA,NA,NA,NA,NA,NA,NA,NA,NA,NA,,
1/6/2023,340,broken moon,ranked,NA,P2,-35,no,no,13,NA,NA,NA,NA,NA,NA,NA,NA,NA,NA,NA,NA,NA,NA,NA,NA,NA,NA,NA,NA,NA,NA,NA,NA,,
1/6/2023,341,broken moon,ranked,NA,P2,-52,no,yes,19,NA,NA,NA,NA,NA,NA,NA,NA,NA,NA,NA,NA,NA,NA,NA,NA,NA,NA,NA,NA,NA,NA,NA,NA,,
1/6/2023,342,broken moon,ranked,NA,P2,-17,no,yes,10,NA,NA,NA,NA,NA,NA,NA,NA,NA,NA,NA,NA,NA,NA,NA,NA,NA,NA,NA,NA,NA,NA,NA,NA,,
1/6/2023,343,broken moon,ranked,NA,P2,68,no,no,6,NA,NA,NA,NA,NA,NA,NA,NA,NA,NA,NA,NA,NA,NA,NA,NA,NA,NA,NA,NA,NA,NA,NA,NA,,
1/6/2023,344,broken moon,ranked,NA,P2,-42,no,no,11,NA,NA,NA,NA,NA,NA,NA,NA,NA,NA,NA,NA,NA,NA,NA,NA,NA,NA,NA,NA,NA,NA,NA,NA,,
1/6/2023,345,broken moon,ranked,NA,P2,-47,no,no,11,NA,NA,NA,NA,NA,NA,NA,NA,NA,NA,NA,NA,NA,NA,NA,NA,NA,NA,NA,NA,NA,NA,NA,NA,,
1/6/2023,346,broken moon,ranked,NA,P2,79,no,yes,6,NA,NA,NA,NA,NA,NA,NA,NA,NA,NA,NA,NA,NA,NA,NA,NA,NA,NA,NA,NA,NA,NA,NA,NA,,
1/6/2023,347,broken moon,ranked,NA,P2,-48,no,yes,15,NA,NA,NA,NA,NA,NA,NA,NA,NA,NA,NA,NA,NA,NA,NA,NA,NA,NA,NA,NA,NA,NA,NA,NA,,
1/6/2023,348,broken moon,ranked,NA,P2,-32,no,yes,12,NA,NA,NA,NA,NA,NA,NA,NA,NA,NA,NA,NA,NA,NA,NA,NA,NA,NA,NA,NA,NA,NA,NA,NA,,
1/6/2023,349,broken moon,ranked,NA,P3,-49,no,yes,19,NA,NA,NA,NA,NA,NA,NA,NA,NA,NA,NA,NA,NA,NA,NA,NA,NA,NA,NA,NA,NA,NA,NA,NA,,
1/6/2023,350,broken moon,ranked,NA,P3,-29,no,yes,11,NA,NA,NA,NA,NA,NA,NA,NA,NA,NA,NA,NA,NA,NA,NA,NA,NA,NA,NA,NA,NA,NA,NA,NA,,
1/6/2023,351,broken moon,ranked,NA,P3,401,no,no,1,NA,NA,NA,NA,NA,NA,NA,NA,NA,NA,NA,NA,NA,NA,NA,NA,NA,NA,NA,NA,NA,NA,NA,NA,,
1/6/2023,352,broken moon,ranked,NA,P2,-37,no,no,NA,1,NA,NA,NA,NA,NA,NA,NA,NA,NA,NA,NA,NA,NA,NA,NA,NA,NA,NA,NA,NA,NA,NA,NA,,
1/6/2023,353,broken moon,ranked,NA,P2,93,no,yes,4,NA,NA,NA,NA,NA,NA,NA,NA,NA,NA,NA,NA,NA,NA,NA,NA,NA,NA,NA,NA,NA,NA,NA,NA,,
1/7/2023,354,broken moon,ranked,NA,P2,81,no,yes,5,NA,NA,NA,NA,NA,NA,NA,NA,NA,NA,NA,NA,NA,NA,NA,NA,NA,NA,NA,NA,NA,NA,NA,NA,,
1/8/2023,355,broken moon,ranked,NA,P2,89,no,no,2,NA,NA,NA,NA,NA,NA,NA,NA,NA,NA,NA,NA,NA,NA,NA,NA,NA,NA,NA,NA,NA,NA,NA,NA,,
1/8/2023,356,broken moon,ranked,NA,P2,348,no,yes,1,NA,NA,NA,NA,NA,NA,NA,NA,NA,NA,NA,NA,NA,NA,NA,NA,NA,NA,NA,NA,NA,NA,NA,NA,,
1/8/2023,357,broken moon,ranked,NA,P1,-55,no,yes,15,NA,NA,NA,NA,NA,NA,NA,NA,NA,NA,NA,NA,NA,NA,NA,NA,NA,NA,NA,NA,NA,NA,NA,NA,,
1/8/2023,358,broken moon,ranked,NA,P1,-55,no,no,19,NA,NA,NA,NA,NA,NA,NA,NA,NA,NA,NA,NA,NA,NA,NA,NA,NA,NA,NA,NA,NA,NA,NA,NA,,
1/8/2023,359,broken moon,ranked,NA,P2,169,no,yes,3,NA,NA,NA,NA,NA,NA,NA,NA,NA,NA,NA,NA,NA,NA,NA,NA,NA,NA,NA,NA,NA,NA,NA,NA,,
1/8/2023,360,broken moon,ranked,NA,P1,-50,no,yes,12,NA,NA,NA,NA,NA,NA,NA,NA,NA,NA,NA,NA,NA,NA,NA,NA,NA,NA,NA,NA,NA,NA,NA,NA,,
1/8/2023,361,broken moon,ranked,NA,P1,38,no,yes,5,NA,NA,NA,NA,NA,NA,NA,NA,NA,NA,NA,NA,NA,NA,NA,NA,NA,NA,NA,NA,NA,NA,NA,NA,,
1/8/2023,362,broken moon,ranked,NA,P1,-55,no,yes,15,NA,NA,NA,NA,NA,NA,NA,NA,NA,NA,NA,NA,NA,NA,NA,NA,NA,NA,NA,NA,NA,NA,NA,NA,,
1/8/2023,363,broken moon,ranked,NA,P2,-51,no,yes,16,NA,NA,NA,NA,NA,NA,NA,NA,NA,NA,NA,NA,NA,NA,NA,NA,NA,NA,NA,NA,NA,NA,NA,NA,,
1/8/2023,364,broken moon,ranked,NA,P2,269,no,yes,3,NA,NA,NA,NA,NA,NA,NA,NA,NA,NA,NA,NA,NA,NA,NA,NA,NA,NA,NA,NA,NA,NA,NA,NA,,
1/8/2023,365,broken moon,ranked,NA,P1,48,no,no,5,NA,NA,NA,NA,NA,NA,NA,NA,NA,NA,NA,NA,NA,NA,NA,NA,NA,NA,NA,NA,NA,NA,NA,NA,,
1/8/2023,366,broken moon,ranked,NA,P1,-55,no,no,18,NA,NA,NA,NA,NA,NA,NA,NA,NA,NA,NA,NA,NA,NA,NA,NA,NA,NA,NA,NA,NA,NA,NA,NA,,
1/8/2023,367,broken moon,ranked,NA,P1,-55,no,no,17,NA,NA,NA,NA,NA,NA,NA,NA,NA,NA,NA,NA,NA,NA,NA,NA,NA,NA,NA,NA,NA,NA,NA,NA,,
1/8/2023,368,broken moon,ranked,NA,P1,-55,no,yes,15,NA,NA,NA,NA,NA,NA,NA,NA,NA,NA,NA,NA,NA,NA,NA,NA,NA,NA,NA,NA,NA,NA,NA,NA,,
1/8/2023,369,broken moon,ranked,NA,P1,-55,no,yes,2,NA,NA,NA,NA,NA,NA,NA,NA,NA,NA,NA,NA,NA,NA,NA,NA,NA,NA,NA,NA,NA,NA,NA,NA,,
1/8/2023,370,broken moon,ranked,NA,P1,7,no,no,7,NA,NA,2,NA,NA,NA,NA,NA,NA,NA,NA,NA,NA,NA,NA,NA,NA,NA,NA,NA,NA,NA,NA,NA,,
1/9/2023,371,broken moon,ranked,NA,P1,-50,no,no,13,NA,NA,NA,NA,NA,NA,NA,NA,NA,NA,NA,NA,NA,NA,NA,NA,NA,NA,NA,NA,NA,NA,NA,NA,,
1/9/2023,372,broken moon,ranked,NA,P1,125,no,no,3,NA,NA,NA,NA,NA,NA,NA,NA,NA,NA,NA,NA,NA,NA,NA,NA,NA,NA,NA,NA,NA,NA,NA,NA,,
1/9/2023,373,broken moon,ranked,NA,P1,245,no,no,1,NA,NA,NA,NA,NA,NA,NA,NA,NA,NA,NA,NA,NA,NA,NA,NA,NA,NA,NA,NA,NA,NA,NA,NA,,
1/9/2023,374,broken moon,ranked,NA,P1,155,no,no,2,NA,NA,NA,NA,NA,NA,NA,NA,NA,NA,NA,NA,NA,NA,NA,NA,NA,NA,NA,NA,NA,NA,NA,NA,,
1/9/2023,375,broken moon,ranked,NA,P1,-50,no,no,13,NA,NA,NA,NA,NA,NA,NA,NA,NA,NA,NA,NA,NA,NA,NA,NA,NA,NA,NA,NA,NA,NA,NA,NA,,
1/9/2023,376,broken moon,ranked,NA,P1,-55,no,no,14,NA,NA,NA,NA,NA,NA,NA,NA,NA,NA,NA,NA,NA,NA,NA,NA,NA,NA,NA,NA,NA,NA,NA,NA,,
1/9/2023,377,broken moon,ranked,NA,P1,-55,no,no,14,NA,NA,NA,NA,NA,NA,NA,NA,NA,NA,NA,NA,NA,NA,NA,NA,NA,NA,NA,NA,NA,NA,NA,NA,,
1/9/2023,378,broken moon,ranked,NA,P1,-10,no,no,10,NA,NA,NA,NA,NA,NA,NA,NA,NA,NA,NA,NA,NA,NA,NA,NA,NA,NA,NA,NA,NA,NA,NA,NA,,
1/9/2023,379,broken moon,ranked,NA,P1,-45,no,no,13,NA,NA,NA,NA,NA,NA,NA,NA,NA,NA,NA,NA,NA,NA,NA,NA,NA,NA,NA,NA,NA,NA,NA,NA,,
1/9/2023,380,broken moon,ranked,NA,P1,-35,no,no,8,NA,NA,NA,NA,NA,NA,NA,NA,NA,NA,NA,NA,NA,NA,NA,NA,NA,NA,NA,NA,NA,NA,NA,NA,,
1/9/2023,381,broken moon,ranked,NA,P1,-55,no,yes,20,NA,NA,NA,NA,NA,NA,NA,NA,NA,NA,NA,NA,NA,NA,NA,NA,NA,NA,NA,NA,NA,NA,NA,NA,,
1/11/2023,382,broken moon,ranked,NA,P1,-50,no,no,13,NA,NA,NA,NA,NA,NA,NA,NA,NA,NA,NA,NA,NA,NA,NA,NA,NA,NA,NA,NA,NA,NA,NA,NA,,
1/11/2023,383,broken moon,ranked,NA,P1,-38,no,no,13,NA,NA,NA,NA,NA,NA,NA,NA,NA,NA,NA,NA,NA,NA,NA,NA,NA,NA,NA,NA,NA,NA,NA,NA,,
1/11/2023,384,broken moon,ranked,NA,P1,-53,no,no,17,NA,NA,NA,NA,NA,NA,NA,NA,NA,NA,NA,NA,NA,NA,NA,NA,NA,NA,NA,NA,NA,NA,NA,NA,,
1/11/2023,385,broken moon,ranked,NA,P1,-50,no,no,17,NA,NA,NA,NA,NA,NA,NA,NA,NA,NA,NA,NA,NA,NA,NA,NA,NA,NA,NA,NA,NA,NA,NA,NA,,
1/11/2023,386,broken moon,ranked,NA,P1,-55,no,yes,15,NA,NA,NA,NA,NA,NA,NA,NA,NA,NA,NA,NA,NA,NA,NA,NA,NA,NA,NA,NA,NA,NA,NA,NA,,
1/11/2023,387,broken moon,ranked,NA,P1,-53,no,no,18,NA,NA,NA,NA,NA,NA,NA,NA,NA,NA,NA,NA,NA,NA,NA,NA,NA,NA,NA,NA,NA,NA,NA,NA,,
1/11/2023,388,broken moon,ranked,NA,P1,120,no,yes,2,NA,NA,NA,NA,NA,NA,NA,NA,NA,NA,NA,NA,NA,NA,NA,NA,NA,NA,NA,NA,NA,NA,NA,NA,,
1/11/2023,389,broken moon,ranked,NA,P1,-40,no,no,11,NA,NA,NA,NA,NA,NA,NA,NA,NA,NA,NA,NA,NA,NA,NA,NA,NA,NA,NA,NA,NA,NA,NA,NA,,
1/11/2023,390,broken moon,ranked,NA,P1,-54,no,no,14,NA,1,NA,NA,NA,NA,NA,NA,NA,NA,NA,NA,NA,NA,NA,NA,NA,NA,NA,NA,NA,NA,NA,NA,,
1/11/2023,391,broken moon,ranked,NA,P1,-33,no,no,11,NA,NA,NA,NA,NA,NA,NA,NA,NA,NA,NA,NA,NA,NA,NA,NA,NA,NA,NA,NA,NA,NA,NA,NA,,
1/11/2023,392,broken moon,ranked,NA,P1,-50,no,no,11,NA,NA,NA,NA,NA,NA,NA,NA,NA,NA,NA,NA,NA,NA,NA,NA,NA,NA,NA,NA,NA,NA,NA,NA,,
1/11/2023,393,broken moon,ranked,NA,P2,-52,no,no,19,NA,NA,NA,NA,NA,NA,NA,NA,NA,NA,NA,NA,NA,NA,NA,NA,NA,NA,NA,NA,NA,NA,NA,NA,,
1/11/2023,394,broken moon,ranked,NA,P2,-42,no,no,13,NA,NA,NA,NA,NA,NA,NA,NA,NA,NA,NA,NA,NA,NA,NA,NA,NA,NA,NA,NA,NA,NA,NA,NA,,
1/11/2023,395,broken moon,ranked,NA,P2,-52,no,no,16,NA,NA,NA,NA,NA,NA,NA,NA,NA,NA,NA,NA,NA,NA,NA,NA,NA,NA,NA,NA,NA,NA,NA,NA,,
1/11/2023,396,broken moon,ranked,NA,P2,-51,no,no,20,NA,NA,NA,NA,NA,NA,NA,NA,NA,NA,NA,NA,NA,NA,NA,NA,NA,NA,NA,NA,NA,NA,NA,NA,,
1/11/2023,397,broken moon,ranked,NA,P2,-51,no,no,20,NA,NA,NA,NA,NA,NA,NA,NA,NA,NA,NA,NA,NA,NA,NA,NA,NA,NA,NA,NA,NA,NA,NA,NA,,
1/11/2023,398,broken moon,ranked,NA,P2,6,no,yes,6,NA,NA,NA,NA,NA,NA,NA,NA,NA,NA,NA,NA,NA,NA,NA,NA,NA,NA,NA,NA,NA,NA,NA,NA,,
1/11/2023,399,broken moon,ranked,1188,P2,133,no,yes,3,2,0,0,Vantage,Lifeline,Loba,1262,1080,1269,2,1,4,2,1,1,2,3,1,0,3,0,1,0,0,,
1/11/2023,400,broken moon,ranked,144,P2,-52,no,no,18,2,0,0,Vantage,Wraith,Lifeline,229,175,0,0,0,0,0,0,0,0,1,0,0,0,0,0,0,0,,
1/11/2023,401,broken moon,ranked,356,P2,-47,no,no,12,2,0,0,Vantage,Newcastle,Maggie,50,279,111,0,0,0,0,0,0,0,0,1,0,0,0,0,0,0,,
1/11/2023,402,broken moon,ranked,117,P2,-52,no,no,19,2,0,0,Vantage,Loba,Pathfinder,129,276,50,0,0,0,0,0,0,1,1,0,0,0,0,0,0,0,,
1/11/2023,403,broken moon,ranked,NA,P2,-32,no,yes,11,NA,NA,NA,NA,NA,NA,NA,NA,NA,NA,NA,NA,NA,NA,NA,NA,NA,NA,NA,NA,NA,NA,NA,NA,,
1/11/2023,404,broken moon,ranked,351,P2,-47,no,yes,11,2,0,0,Vantage,Octane,Valkyrie,78,625,145,0,0,0,0,0,0,0,1,0,0,0,0,0,0,0,,
1/12/2023,405,broken moon,ranked,886,P2,22,no,yes,8,2,0,0,Vantage,Octane,Maggie,943,355,971,2,0,2,2,0,1,3,1,3,1,0,0,2,0,0,,
1/12/2023,406,broken moon,ranked,NA,P2,-44,no,no,NA,2,1,0,NA,NA,NA,NA,NA,NA,NA,NA,NA,NA,NA,NA,NA,NA,NA,NA,NA,NA,NA,NA,NA,,
1/12/2023,407,broken moon,ranked,1035,P2,41,no,no,5,2,0,0,Vantage,Horizon,Octane,535,186,426,2,0,1,1,0,2,2,0,1,0,0,1,0,0,0,,
1/12/2023,408,broken moon,ranked,NA,P2,-52,no,no,18,NA,NA,NA,NA,NA,NA,NA,NA,NA,NA,NA,NA,NA,NA,NA,NA,NA,NA,NA,NA,NA,NA,NA,NA,,
1/12/2023,409,broken moon,ranked,NA,P2,158,no,no,2,NA,NA,NA,NA,NA,NA,NA,NA,NA,NA,NA,NA,NA,NA,NA,NA,NA,NA,NA,NA,NA,NA,NA,NA,,
1/12/2023,410,broken moon,ranked,NA,P2,4,no,yes,8,NA,NA,NA,NA,NA,NA,NA,NA,NA,NA,NA,NA,NA,NA,NA,NA,NA,NA,NA,NA,NA,NA,NA,NA,,
1/12/2023,411,broken moon,ranked,166,P2,-52,no,no,16,2,0,0,Maggie,Bloodhound,Gibraltar,116,137,128,0,0,0,0,0,0,0,0,0,0,0,0,0,0,0,,
1/12/2023,412,broken moon,ranked,149,P2,-52,no,yes,18,2,0,0,Maggie,Horizon,Wraith,144,205,263,0,0,0,0,0,0,0,1,1,0,1,0,0,0,0,,
1/12/2023,413,broken moon,ranked,541,P2,-22,no,no,9,2,0,0,Maggie,Valkyrie,Mirage,438,355,359,2,0,0,0,0,0,2,0,0,0,0,0,1,0,0,,
1/12/2023,414,broken moon,ranked,1104,P2,21,no,no,4,2,0,1,Maggie,Vantage,Seer,392,558,363,0,1,1,0,0,0,1,1,1,0,0,0,1,0,0,,
1/12/2023,415,broken moon,ranked,NA,P2,-2,no,no,7,NA,NA,NA,NA,NA,NA,NA,NA,NA,NA,NA,NA,NA,NA,NA,NA,NA,NA,NA,NA,NA,NA,NA,NA,,
1/12/2023,416,broken moon,ranked,NA,P2,-52,yes,yes,14,2,0,0,NA,NA,NA,NA,NA,NA,NA,NA,NA,NA,NA,NA,NA,NA,NA,NA,NA,NA,NA,NA,NA,,
1/12/2023,417,broken moon,ranked,197,P2,-52,yes,yes,16,2,0,0,Maggie,Seer,Horizon,221,17,84,0,0,0,0,0,0,0,1,0,0,0,0,0,0,0,,
1/12/2023,418,broken moon,ranked,NA,P2,-52,yes,yes,14,2,0,0,NA,NA,NA,NA,NA,NA,NA,NA,NA,NA,NA,NA,NA,NA,NA,NA,NA,NA,NA,NA,NA,,
1/12/2023,419,broken moon,ranked,495,P2,-52,yes,yes,13,2,0,0,Crypto,Ashe,Wraith,111,222,88,0,0,0,0,0,0,0,0,0,0,0,0,0,0,0,,
1/12/2023,420,broken moon,ranked,202,P2,-52,yes,yes,14,2,0,0,Crypto,Wraith,Ashe,145,145,183,0,0,0,0,0,0,1,1,0,0,0,0,0,0,0,,
1/12/2023,421,broken moon,ranked,909,P2,66,yes,yes,2,2,0,0,Crypto,Ashe,Wraith,257,354,1347,0,0,2,1,0,0,0,0,4,0,0,0,0,0,0,,
1/12/2023,422,broken moon,ranked,NA,P2,-52,no,no,11,NA,NA,NA,NA,NA,NA,NA,NA,NA,NA,NA,NA,NA,NA,NA,NA,NA,NA,NA,NA,NA,NA,NA,NA,,
1/12/2023,423,broken moon,ranked,NA,P2,-52,no,no,17,2,0,0,NA,NA,NA,NA,NA,NA,NA,NA,NA,NA,NA,NA,NA,NA,NA,NA,NA,NA,NA,NA,NA,,
1/12/2023,424,broken moon,ranked,382,P2,-52,no,no,14,2,0,0,Vantage,Lifeline,Valkyrie,150,155,60,0,0,0,0,0,0,0,0,0,0,0,0,1,0,0,,
1/12/2023,425,broken moon,ranked,NA,P2,93,no,no,4,2,0,0,NA,NA,NA,NA,NA,NA,NA,NA,NA,NA,NA,NA,NA,NA,NA,NA,NA,NA,NA,NA,NA,,
1/12/2023,426,broken moon,ranked,316,P2,-52,no,yes,15,2,0,0,Vantage,Lifeline,Loba,195,262,62,0,0,0,0,0,0,0,1,0,0,0,0,0,0,0,,
1/12/2023,427,broken moon,ranked,99,P2,-52,no,yes,20,2,0,0,Vantage,Rampart,NA,0,99,362,0,0,0,0,0,0,0,0,1,0,0,0,0,0,0,,
1/12/2023,428,broken moon,ranked,1294,P2,225,no,yes,1,2,0,0,Vantage,Revenant,Mirage,912,1715,2213,2,3,4,2,3,4,3,3,5,0,0,1,0,0,0,,
1/12/2023,429,broken moon,ranked,1149,P2,-1,no,yes,6,2,0,0,Vantage,Wraith,Horizon,528,415,413,,,,,,,,,,,,,,,,,
1/12/2023,430,broken moon,ranked,906,P2,-42,no,no,10,2,0,0,Vantage,Bloodhound,Horizon,692,446,109,0,0,0,0,0,0,0,0,,0,0,0,0,0,0,,
1/12/2023,431,broken moon,ranked,1294,P2,100,no,no,2,2,0,0,Vantage,Lifeline,Maggie,627,608,952,0,2,2,1,0,2,0,2,2,0,0,1,0,0,0,,
1/12/2023,432,broken moon,ranked,1148,P2,204,no,no,2,2,0,0,Pathfinder,Vantage,Rampart,939,2069,537,2,4,3,3,1,2,4,6,3,0,1,1,0,0,0,,
1/12/2023,433,broken moon,ranked,NA,P2,198,no,no,1,2,0,0,Pathfinder,NA,NA,NA,NA,NA,NA,NA,NA,NA,NA,NA,NA,NA,NA,NA,NA,NA,NA,NA,NA,,
1/12/2023,434,broken moon,ranked,1230,P2,NA,no,no,2,2,0,0,Pathfinder,Horizon,Loba,484,535,1318,0,1,0,0,0,1,1,1,0,0,0,0,0,0,0,,
1/13/2023,435,broken moon,ranked,1029,P2,120,no,yes,4,2,0,0,Vantage,Wattson,Bloodhound,1147,99,627,6,0,1,0,1,2,6,0,1,0,0,0,0,0,0,,
1/13/2023,436,broken moon,ranked,943,P1,-35,no,yes,7,2,0,0,Vantage,Pathfinder,Seer,183,219,381,0,0,0,0,0,0,0,0,0,0,0,0,0,0,0,,
1/13/2023,437,broken moon,ranked,1207,P1,245,no,yes,1,2,0,0,Vantage,Caustic,Vantage,961,1532,1343,4,2,3,1,5,2,6,2,4,0,0,1,0,0,0,,
1/13/2023,438,broken moon,ranked,NA,P1,-40,no,yes,NA,NA,1,,Revenant,NA,NA,94,NA,NA,0,0,1,NA,NA,NA,0,0,1,0,0,0,0,0,0,,
1/13/2023,439,broken moon,ranked,422,P1,-45,no,yes,11,2,0,0,Revenant,Octane,Seer,668,367,199,1,0,0,0,0,0,3,0,0,1,0,0,0,0,1,,
1/13/2023,440,broken moon,ranked,107,P1,-55,no,yes,17,2,0,0,Gibraltar,Lifeline,Wattson,114,36,165,0,0,0,0,0,0,0,1,1,0,0,0,0,0,0,,
1/13/2023,441,broken moon,ranked,1349,P1,65,no,yes,3,2,0,0,Vantage,Lifeline,Bloodhound,1240,708,1303,1,1,2,0,2,1,2,1,2,0,0,0,0,0,1,,
1/13/2023,442,broken moon,ranked,NA,P1,-35,no,yes,10,NA,1,NA,NA,NA,NA,NA,NA,NA,NA,NA,NA,NA,NA,NA,NA,NA,NA,NA,NA,NA,NA,NA,NA,,
1/13/2023,443,broken moon,ranked,959,P1,-5,no,yes,9,2,0,0,Vantage,Wraith,Valkyrie,876,701,1306,1,1,3,2,1,0,1,1,4,0,0,0,0,0,1,,
1/13/2023,444,broken moon,ranked,NA,P1,-55,no,no,NA,NA,NA,NA,NA,NA,NA,NA,NA,NA,NA,NA,NA,NA,NA,NA,NA,NA,NA,NA,NA,NA,NA,NA,NA,,
1/13/2023,445,broken moon,ranked,931,P1,54,no,yes,5,2,0,0,Vantage,Bangalore,Wraith,831,878,724,2,3,1,1,0,1,2,3,1,2,0,0,0,0,1,,
1/13/2023,446,broken moon,ranked,217,P1,-54,no,no,14,2,0,0,Wraith,Crypto,Seer,320,0,0,1,0,0,0,0,1,1,0,0,0,0,0,0,0,0,,
1/13/2023,447,broken moon,ranked,759,P1,-35,no,no,7,2,0,0,Vantage,Gibraltar,Loba,504,38,96,0,0,0,0,0,0,1,0,0,0,0,0,0,0,0,,
1/13/2023,448,broken moon,ranked,1282,P1,270,no,no,1,2,0,0,Vantage,Pathfinder,Lifeline,1016,561,1483,6,1,3,0,6,4,6,1,3,0,0,0,0,0,0,,
1/13/2023,449,broken moon,ranked,275,P1,-48,no,yes,13,2,0,0,Vantage,Catalyst,Loba,257,477,285,0,1,0,0,0,0,0,1,0,0,0,0,0,0,0,,
1/13/2023,450,broken moon,ranked,NA,P1,-55,no,no,18,NA,NA,NA,NA,NA,NA,NA,NA,NA,NA,NA,NA,NA,NA,NA,NA,NA,NA,NA,NA,NA,NA,NA,NA,,
1/13/2023,451,broken moon,ranked,248,P1,-55,no,no,18,2,0,0,Crypto,Seer,Pathfinder,216,64,235,0,0,0,0,0,0,1,0,0,0,0,0,0,,,,
1/13/2023,452,broken moon,ranked,1145,P1,36,no,no,4,2,0,0,Crypto,Vantage,Gibraltar,328,604,1012,0,1,1,2,1,1,0,1,1,0,0,0,0,0,0,,
1/13/2023,453,broken moon,ranked,NA,P1,-45,no,yes,NA,NA,NA,NA,NA,NA,NA,NA,NA,NA,NA,NA,NA,NA,NA,NA,NA,NA,NA,NA,NA,NA,NA,NA,NA,,
1/13/2023,454,broken moon,ranked,NA,P1,125,no,no,2,NA,NA,NA,NA,NA,NA,NA,NA,NA,NA,NA,NA,NA,NA,NA,NA,NA,NA,NA,NA,NA,NA,NA,NA,,
1/13/2023,455,broken moon,ranked,NA,P1,-50,no,yes,12,NA,NA,NA,NA,NA,NA,NA,NA,NA,NA,NA,NA,NA,NA,NA,NA,NA,NA,NA,NA,NA,NA,NA,NA,,
1/13/2023,456,broken moon,ranked,NA,P1,0,no,yes,4,NA,NA,NA,NA,NA,NA,NA,NA,NA,NA,NA,NA,NA,NA,NA,NA,NA,NA,NA,NA,NA,NA,NA,NA,,
1/13/2023,457,broken moon,ranked,178,P1,-55,no,no,16,2,0,0,Maggie,Bloodhound,Bangalore,170,134,171,0,0,0,0,0,0,0,0,1,0,0,0,0,0,0,,
1/13/2023,458,broken moon,ranked,850,P1,52,no,no,6,2,0,0,Maggie,Octane,Vantage,835,886,1287,1,6,1,2,1,5,1,6,1,0,0,0,0,0,0,,
1/13/2023,459,broken moon,ranked,NA,P1,-55,no,no,20,NA,NA,NA,NA,NA,NA,NA,NA,NA,NA,NA,NA,NA,NA,NA,NA,NA,NA,NA,NA,NA,NA,NA,NA,,
1/13/2023,460,broken moon,ranked,NA,P1,-45,no,no,13,NA,NA,NA,NA,NA,NA,NA,NA,NA,NA,NA,NA,NA,NA,NA,NA,NA,NA,NA,NA,NA,NA,NA,NA,,
1/13/2023,461,broken moon,ranked,884,P1,22,no,no,5,2,0,0,Maggie,Octane,Mirage,384,1285,308,0,3,0,1,0,1,5,0,1,0,0,0,0,0,0,,
1/13/2023,462,broken moon,ranked,NA,P1,13,no,no,7,NA,NA,NA,NA,NA,NA,NA,NA,NA,NA,NA,NA,NA,NA,NA,NA,NA,NA,NA,NA,NA,NA,NA,NA,,
1/13/2023,463,broken moon,ranked,443,P1,-38,no,yes,12,2,0,0,Maggie,Horizon,Seer,278,150,406,1,1,1,1,0,1,1,1,2,0,0,0,0,0,0,,
1/13/2023,464,broken moon,ranked,NA,P1,-55,no,yes,20,NA,NA,NA,NA,NA,NA,NA,NA,NA,NA,NA,NA,NA,NA,NA,NA,NA,NA,NA,NA,NA,NA,NA,NA,,
1/13/2023,465,broken moon,ranked,127,P1,-55,no,yes,20,2,0,0,Maggie,Bloodhound,Valkyrie,278,0,233,0,0,0,0,0,0,2,0,0,0,0,0,0,0,0,,
1/13/2023,466,broken moon,ranked,777,P1,58,no,no,3,2,0,0,Maggie,Horizon,Bloodhound,638,556,1192,0,2,4,1,0,0,0,2,4,1,0,1,1,0,1,,
1/13/2023,467,broken moon,ranked,668,P1,-45,no,no,9,2,0,0,Vantage,Gibraltar,Bangalore,585,120,598,0,0,0,0,0,0,0,0,1,0,0,0,0,0,0,,
1/13/2023,468,broken moon,ranked,NA,P1,-55,no,no,19,NA,NA,NA,NA,NA,NA,NA,NA,NA,NA,NA,NA,NA,NA,NA,NA,NA,NA,NA,NA,NA,NA,NA,NA,,
1/13/2023,469,broken moon,ranked,1180,P1,66,no,no,2,2,0,0,Vantage,Bangalore,Gibraltar,736,609,161,1,0,0,0,0,0,1,0,0,1,0,0,0,0,2,,
1/13/2023,470,broken moon,ranked,580,P2,-55,no,no,11,2,0,0,Vantage,Bloodhound,Mirage,0,269,36,0,1,0,0,0,0,0,1,0,1,0,0,0,0,0,,
1/13/2023,471,broken moon,ranked,467,P2,-52,no,no,12,2,0,0,NA,NA,NA,395,700,332,0,3,0,0,0,2,0,3,2,0,1,0,0,1,0,,
1/13/2023,472,broken moon,ranked,873,P2,20,no,no,6,2,0,0,Maggie,Bangalore,Valkyrie,278,720,207,1,2,1,1,2,0,1,2,1,0,0,0,0,0,0,,
1/13/2023,473,broken moon,ranked,NA,P2,-55,no,no,14,NA,NA,NA,NA,NA,NA,NA,NA,NA,NA,NA,NA,NA,NA,NA,NA,NA,NA,NA,NA,NA,NA,NA,NA,,
1/14/2023,474,broken moon,ranked,,P2,28,no,no,NA,NA,NA,NA,NA,NA,NA,NA,NA,NA,NA,NA,NA,NA,NA,NA,NA,NA,NA,NA,NA,NA,NA,NA,NA,,
1/14/2023,475,broken moon,ranked,NA,P2,27,no,no,6,NA,NA,NA,NA,NA,NA,NA,NA,NA,NA,NA,NA,NA,NA,NA,NA,NA,NA,NA,NA,NA,NA,NA,NA,,
1/14/2023,476,broken moon,ranked,NA,P2,-35,no,no,12,NA,1,NA,NA,NA,NA,247,NA,NA,2,NA,NA,0,NA,NA,2,NA,NA,0,,NA,0,,NA,,
1/14/2023,477,broken moon,ranked,NA,P2,-52,no,no,16,NA,NA,NA,NA,NA,NA,NA,NA,NA,NA,NA,NA,NA,NA,NA,NA,NA,NA,NA,NA,NA,NA,NA,NA,,
1/14/2023,478,broken moon,ranked,699,P2,118,no,no,3,2,0,0,Vantage,Octane,Wraith,453,1110,1428,2,3,5,1,1,2,2,4,7,1,2,1,2,0,0,,
1/14/2023,479,broken moon,ranked,262,P2,-37,no,no,11,2,0,0,Vantage,Revenant,Bangalore,386,307,396,0,3,1,0,0,1,0,3,2,0,0,0,0,0,0,,
1/14/2023,480,broken moon,ranked,573,P2,-37,no,no,10,2,0,0,Vantage,NA,NA,228,0,0,0,0,0,0,0,0,0,0,0,0,0,0,0,0,0,,
1/14/2023,481,broken moon,ranked,228,P2,-51,no,no,15,2,0,0,Vantage,Horizon,Bloodhound,148,340,111,0,1,0,1,1,0,0,3,0,0,1,0,0,0,0,,
1/14/2023,482,broken moon,ranked,740,P2,-20,no,no,7,2,0,0,Vantage,Mirage,Octane,488,332,133,1,0,0,0,0,0,1,1,0,0,0,0,1,0,0,,
1/14/2023,483,broken moon,ranked,NA,P2,-52,no,no,15,2,0,0,NA,NA,NA,NA,NA,NA,NA,NA,NA,NA,NA,NA,NA,NA,NA,NA,NA,NA,NA,NA,NA,,
1/14/2023,484,broken moon,ranked,1197,P2,373,no,no,1,2,0,0,Vantage,Pathfinder,Lifeline,1456,2180,2018,5,5,5,4,4,3,5,6,5,1,1,2,1,0,0,,
1/15/2023,485,broken moon,ranked,1059,P1,-10,no,no,9,2,0,0,Vantage,Bangalore,Bloodhound,737,1751,1065,1,4,2,0,2,1,2,6,2,0,1,0,0,2,0,,
1/15/2023,486,broken moon,ranked,386,P1,-55,no,no,14,2,0,0,Vantage,Gibraltar,Wraith,172,163,250,0,0,0,0,0,0,1,0,1,0,0,0,0,0,0,,
1/15/2023,487,broken moon,ranked,NA,P1,-52,no,no,17,NA,NA,,NA,NA,NA,NA,NA,NA,NA,NA,NA,NA,NA,NA,NA,NA,NA,NA,NA,NA,NA,NA,NA,,
1/15/2023,488,broken moon,ranked,1179,P1,224,no,no,2,2,0,0,Vantage,Valkyrie,Octane,1155,1504,1232,3,3,4,3,3,1,3,4,4,0,1,1,0,0,0,,
1/15/2023,489,broken moon,ranked,NA,P1,-30,no,no,9,NA,NA,NA,NA,NA,NA,NA,NA,NA,NA,NA,NA,NA,NA,NA,NA,NA,NA,NA,NA,NA,NA,NA,NA,,
1/15/2023,490,broken moon,ranked,NA,P1,-45,no,no,10,2,1,NA,NA,NA,NA,NA,NA,NA,NA,NA,NA,NA,NA,NA,NA,NA,NA,NA,NA,NA,NA,NA,NA,,
1/15/2023,491,broken moon,ranked,113,P1,-55,no,no,17,2,0,0,Vantage,Horizon,Seer,0,0,253,0,0,0,0,0,0,0,0,1,0,0,0,0,0,0,,
1/15/2023,492,broken moon,ranked,444,P1,-38,no,no,11,2,0,0,Vantage,Bangalore,Octane,429,36,609,1,0,2,1,0,1,2,0,3,0,0,0,0,0,0,,
1/15/2023,493,broken moon,ranked,NA,P1,-40,no,no,10,NA,NA,NA,NA,NA,NA,NA,NA,NA,NA,NA,NA,NA,NA,NA,NA,NA,NA,NA,NA,NA,NA,NA,NA,,
1/15/2023,494,broken moon,ranked,NA,P1,-54,no,no,20,NA,NA,NA,NA,NA,NA,NA,NA,NA,NA,NA,NA,NA,NA,NA,NA,NA,NA,NA,NA,NA,NA,NA,NA,,
1/15/2023,495,broken moon,ranked,958,P1,28,no,no,3,2,0,0,Vantage,Bangalore,Rampart,489,632,589,0,0,1,0,0,0,0,0,1,0,0,0,0,0,0,,
1/15/2023,496,broken moon,ranked,1300,P1,112,no,no,2,2,0,0,Vantage,Pathfinder,Bloodhound,1258,857,2022,1,0,3,1,2,0,1,0,3,0,0,0,0,0,0,,
1/15/2023,497,broken moon,ranked,1022,P1,125,no,no,3,2,0,0,Maggie,Crypto,Ashe,1021,362,657,3,0,4,1,4,0,3,0,4,1,0,0,2,0,0,,
1/15/2023,498,broken moon,ranked,81,P1,-55,no,no,18,2,0,0,Maggie,Horizon,Octane,61,61,45,0,0,0,0,0,0,0,0,0,0,0,0,0,0,0,,
1/15/2023,499,broken moon,ranked,1187,P1,55,no,no,3,2,0,0,Maggie,Bloodhound,Wraith,416,911,893,1,0,2,0,3,0,1,1,2,0,0,2,0,1,0,,
